grenoble,lille,paris,saclay,strasbourg,lille_20_m3-1,lille_20_m3-5,lille_20_m3-12,lille_20_m3-17,lille_20_m3-18,lille_20_m3-20,lille_20_m3-21,lille_20_m3-22,lille_20_m3-23,paris_m3-4,paris_m3-5,paris_m3-6,paris_m3-7,paris_m3-8,paris_m3-10,paris_m3-11,paris_m3-12,paris_m3-13,paris_m3-14,paris_m3-15,paris_m3-16,paris_m3-17,paris_m3-18,paris_m3-19,paris_m3-20,paris_m3-21,paris_m3-22,paris_m3-23,paris_m3-24,paris_m3-25,paris_m3-26,paris_m3-27,paris_m3-28,paris_m3-31,paris_m3-35,paris_m3-36,paris_m3-37,paris_m3-38,paris_m3-39,paris_m3-40,paris_m3-41,paris_m3-42,paris_m3-43,paris_m3-44,paris_m3-47,paris_m3-48,paris_m3-49,paris_m3-50,paris_m3-51,paris_m3-52,paris_m3-53,paris_m3-55,paris_m3-56,paris_m3-57,paris_m3-60,paris_m3-61,paris_m3-63,paris_m3-64,saclay_m3-1,saclay_m3-2,saclay_m3-3,saclay_m3-4,saclay_m3-5,saclay_m3-6,saclay_m3-7,saclay_m3-8,saclay_m3-9,saclay_m3-10,saclay_m3-11,saclay_m3-12,strasbourg_m3-2,strasbourg_m3-3,strasbourg_m3-6,strasbourg_m3-7,strasbourg_m3-12,strasbourg_m3-13,strasbourg_m3-14,strasbourg_m3-15,strasbourg_m3-18,strasbourg_m3-19,strasbourg_m3-23,strasbourg_m3-25,strasbourg_m3-28,strasbourg_m3-30,strasbourg_m3-31,strasbourg_m3-34,strasbourg_m3-35,strasbourg_m3-38,strasbourg_m3-40,strasbourg_m3-41,strasbourg_m3-42,strasbourg_m3-44,strasbourg_m3-45,strasbourg_m3-46,strasbourg_m3-47,strasbourg_m3-49,strasbourg_m3-51,strasbourg_m3-54,strasbourg_m3-55,strasbourg_m3-58,strasbourg_m3-59,strasbourg_m3-63
0.0,0.0,11.5,12.0,12.6,0.0,0.0,0.0,0.0,0.0,0.0,0.0,0.0,0.0,12.007,12.011,11.991,11.999,11.992,11.996,11.982,12.032,12.059,12.048,12.057,11.993,12.052,12.006,12.072,12.022,12.184,12.057,11.981,12.02,11.99,12.082,12.18,12.066,12.023,12.045,12.052,12.100999999999999,12.013,12.011,11.935,11.989,11.972,11.981,11.947,11.996,12.052,11.998,12.045,12.145,12.057,12.095,12.059,12.064,11.96,12.028,12.053,12.063,12.074,12.537,12.527,12.600999999999999,12.515,12.538,12.557,12.517,12.511,12.429,12.525,12.544,12.505,13.301,13.24,13.283999999999999,13.274,13.195,13.247,13.213,13.279,13.264,13.296999999999999,13.28,13.222,13.282,13.224,13.308,13.269,13.257,13.283999999999999,13.189,13.221,13.315,13.354,13.163,13.219,13.251999999999999,13.278,13.275,13.28,13.25,13.298,13.28,13.309
0.0,0.0,6.64,7.16,17.5,0.0,0.0,0.0,0.0,0.0,0.0,0.0,0.0,0.0,7.146999999999999,7.151,7.130999999999999,7.138999999999999,7.132,7.135999999999999,7.122,7.172,7.199,7.188,7.197,7.133,7.192,7.146,7.212,7.162,7.324,7.197,7.1209999999999996,7.16,7.13,7.2219999999999995,7.319999999999999,7.2059999999999995,7.162999999999999,7.185,7.192,7.241,7.153,7.151,7.074999999999999,7.129,7.112,7.1209999999999996,7.087,7.135999999999999,7.192,7.138,7.185,7.285,7.197,7.234999999999999,7.199,7.204,7.1,7.167999999999999,7.193,7.202999999999999,7.2139999999999995,7.697,7.687,7.761,7.675,7.698,7.7170000000000005,7.6770000000000005,7.671,7.589,7.6850000000000005,7.704000000000001,7.665,18.201,18.14,18.184,18.174,18.095,18.147,18.113,18.179,18.164,18.197,18.18,18.122,18.182,18.124,18.208,18.169,18.157,18.184,18.089,18.121,18.215,18.254,18.063,18.119,18.152,18.178,18.175,18.18,18.15,18.198,18.18,18.209
11.5,6.64,0.0,3.67,13.9,6.64,6.64,6.64,6.64,6.64,6.64,6.64,6.64,6.64,0.507,0.511,0.491,0.499,0.492,0.496,0.482,0.532,0.559,0.548,0.557,0.493,0.552,0.506,0.572,0.522,0.684,0.557,0.481,0.52,0.49,0.582,0.68,0.566,0.523,0.545,0.552,0.601,0.513,0.511,0.435,0.489,0.472,0.481,0.447,0.496,0.552,0.498,0.545,0.645,0.557,0.595,0.559,0.564,0.46,0.528,0.553,0.563,0.574,4.207,4.197,4.271,4.185,4.208,4.227,4.187,4.181,4.099,4.195,4.214,4.175,14.601,14.540000000000001,14.584,14.574,14.495000000000001,14.547,14.513,14.579,14.564,14.597,14.58,14.522,14.582,14.524000000000001,14.608,14.569,14.557,14.584,14.489,14.521,14.615,14.654,14.463000000000001,14.519,14.552,14.578000000000001,14.575000000000001,14.58,14.55,14.598,14.58,14.609
12.0,7.16,3.67,0.0,14.7,7.16,7.16,7.16,7.16,7.16,7.16,7.16,7.16,7.16,4.177,4.181,4.161,4.169,4.162,4.166,4.152,4.202,4.229,4.218,4.227,4.163,4.2219999999999995,4.176,4.242,4.192,4.354,4.227,4.151,4.1899999999999995,4.16,4.252,4.35,4.236,4.193,4.215,4.2219999999999995,4.271,4.183,4.181,4.1049999999999995,4.159,4.1419999999999995,4.151,4.117,4.166,4.2219999999999995,4.168,4.215,4.3149999999999995,4.227,4.265,4.229,4.234,4.13,4.198,4.223,4.233,4.244,0.537,0.527,0.601,0.515,0.538,0.557,0.517,0.511,0.429,0.525,0.544,0.505,15.401,15.34,15.383999999999999,15.373999999999999,15.295,15.347,15.312999999999999,15.379,15.363999999999999,15.396999999999998,15.379999999999999,15.322,15.382,15.324,15.408,15.369,15.357,15.383999999999999,15.289,15.321,15.415,15.453999999999999,15.263,15.318999999999999,15.351999999999999,15.378,15.375,15.379999999999999,15.35,15.398,15.379999999999999,15.408999999999999
12.6,17.5,13.9,14.7,0.0,17.5,17.5,17.5,17.5,17.5,17.5,17.5,17.5,17.5,14.407,14.411,14.391,14.399000000000001,14.392,14.396,14.382,14.432,14.459,14.448,14.457,14.393,14.452,14.406,14.472,14.422,14.584,14.457,14.381,14.42,14.39,14.482000000000001,14.58,14.466000000000001,14.423,14.445,14.452,14.501000000000001,14.413,14.411,14.335,14.389000000000001,14.372,14.381,14.347,14.396,14.452,14.398,14.445,14.545,14.457,14.495000000000001,14.459,14.464,14.360000000000001,14.428,14.453000000000001,14.463000000000001,14.474,15.237,15.226999999999999,15.300999999999998,15.215,15.238,15.257,15.216999999999999,15.210999999999999,15.129,15.225,15.244,15.205,0.701,0.64,0.684,0.674,0.595,0.647,0.613,0.679,0.664,0.697,0.68,0.622,0.682,0.624,0.708,0.669,0.657,0.684,0.589,0.621,0.715,0.754,0.563,0.619,0.652,0.678,0.675,0.68,0.65,0.698,0.68,0.709
0.0,0.0,6.64,7.16,17.5,0.0,22.642,10.159,35.192,10.34,19.118,34.246,6.336,8.248,7.146999999999999,7.151,7.130999999999999,7.138999999999999,7.132,7.135999999999999,7.122,7.172,7.199,7.188,7.197,7.133,7.192,7.146,7.212,7.162,7.324,7.197,7.1209999999999996,7.16,7.13,7.2219999999999995,7.319999999999999,7.2059999999999995,7.162999999999999,7.185,7.192,7.241,7.153,7.151,7.074999999999999,7.129,7.112,7.1209999999999996,7.087,7.135999999999999,7.192,7.138,7.185,7.285,7.197,7.234999999999999,7.199,7.204,7.1,7.167999999999999,7.193,7.202999999999999,7.2139999999999995,7.697,7.687,7.761,7.675,7.698,7.7170000000000005,7.6770000000000005,7.671,7.589,7.6850000000000005,7.704000000000001,7.665,18.201,18.14,18.184,18.174,18.095,18.147,18.113,18.179,18.164,18.197,18.18,18.122,18.182,18.124,18.208,18.169,18.157,18.184,18.089,18.121,18.215,18.254,18.063,18.119,18.152,18.178,18.175,18.18,18.15,18.198,18.18,18.209
0.0,0.0,6.64,7.16,17.5,22.642,0.0,0.0,0.0,0.0,0.0,0.0,0.0,0.0,7.146999999999999,7.151,7.130999999999999,7.138999999999999,7.132,7.135999999999999,7.122,7.172,7.199,7.188,7.197,7.133,7.192,7.146,7.212,7.162,7.324,7.197,7.1209999999999996,7.16,7.13,7.2219999999999995,7.319999999999999,7.2059999999999995,7.162999999999999,7.185,7.192,7.241,7.153,7.151,7.074999999999999,7.129,7.112,7.1209999999999996,7.087,7.135999999999999,7.192,7.138,7.185,7.285,7.197,7.234999999999999,7.199,7.204,7.1,7.167999999999999,7.193,7.202999999999999,7.2139999999999995,7.697,7.687,7.761,7.675,7.698,7.7170000000000005,7.6770000000000005,7.671,7.589,7.6850000000000005,7.704000000000001,7.665,18.201,18.14,18.184,18.174,18.095,18.147,18.113,18.179,18.164,18.197,18.18,18.122,18.182,18.124,18.208,18.169,18.157,18.184,18.089,18.121,18.215,18.254,18.063,18.119,18.152,18.178,18.175,18.18,18.15,18.198,18.18,18.209
0.0,0.0,6.64,7.16,17.5,10.159,0.0,0.0,0.0,0.0,0.0,0.0,0.0,0.0,7.146999999999999,7.151,7.130999999999999,7.138999999999999,7.132,7.135999999999999,7.122,7.172,7.199,7.188,7.197,7.133,7.192,7.146,7.212,7.162,7.324,7.197,7.1209999999999996,7.16,7.13,7.2219999999999995,7.319999999999999,7.2059999999999995,7.162999999999999,7.185,7.192,7.241,7.153,7.151,7.074999999999999,7.129,7.112,7.1209999999999996,7.087,7.135999999999999,7.192,7.138,7.185,7.285,7.197,7.234999999999999,7.199,7.204,7.1,7.167999999999999,7.193,7.202999999999999,7.2139999999999995,7.697,7.687,7.761,7.675,7.698,7.7170000000000005,7.6770000000000005,7.671,7.589,7.6850000000000005,7.704000000000001,7.665,18.201,18.14,18.184,18.174,18.095,18.147,18.113,18.179,18.164,18.197,18.18,18.122,18.182,18.124,18.208,18.169,18.157,18.184,18.089,18.121,18.215,18.254,18.063,18.119,18.152,18.178,18.175,18.18,18.15,18.198,18.18,18.209
0.0,0.0,6.64,7.16,17.5,35.192,0.0,0.0,0.0,0.0,0.0,0.0,0.0,0.0,7.146999999999999,7.151,7.130999999999999,7.138999999999999,7.132,7.135999999999999,7.122,7.172,7.199,7.188,7.197,7.133,7.192,7.146,7.212,7.162,7.324,7.197,7.1209999999999996,7.16,7.13,7.2219999999999995,7.319999999999999,7.2059999999999995,7.162999999999999,7.185,7.192,7.241,7.153,7.151,7.074999999999999,7.129,7.112,7.1209999999999996,7.087,7.135999999999999,7.192,7.138,7.185,7.285,7.197,7.234999999999999,7.199,7.204,7.1,7.167999999999999,7.193,7.202999999999999,7.2139999999999995,7.697,7.687,7.761,7.675,7.698,7.7170000000000005,7.6770000000000005,7.671,7.589,7.6850000000000005,7.704000000000001,7.665,18.201,18.14,18.184,18.174,18.095,18.147,18.113,18.179,18.164,18.197,18.18,18.122,18.182,18.124,18.208,18.169,18.157,18.184,18.089,18.121,18.215,18.254,18.063,18.119,18.152,18.178,18.175,18.18,18.15,18.198,18.18,18.209
0.0,0.0,6.64,7.16,17.5,10.34,0.0,0.0,0.0,0.0,0.0,0.0,0.0,0.0,7.146999999999999,7.151,7.130999999999999,7.138999999999999,7.132,7.135999999999999,7.122,7.172,7.199,7.188,7.197,7.133,7.192,7.146,7.212,7.162,7.324,7.197,7.1209999999999996,7.16,7.13,7.2219999999999995,7.319999999999999,7.2059999999999995,7.162999999999999,7.185,7.192,7.241,7.153,7.151,7.074999999999999,7.129,7.112,7.1209999999999996,7.087,7.135999999999999,7.192,7.138,7.185,7.285,7.197,7.234999999999999,7.199,7.204,7.1,7.167999999999999,7.193,7.202999999999999,7.2139999999999995,7.697,7.687,7.761,7.675,7.698,7.7170000000000005,7.6770000000000005,7.671,7.589,7.6850000000000005,7.704000000000001,7.665,18.201,18.14,18.184,18.174,18.095,18.147,18.113,18.179,18.164,18.197,18.18,18.122,18.182,18.124,18.208,18.169,18.157,18.184,18.089,18.121,18.215,18.254,18.063,18.119,18.152,18.178,18.175,18.18,18.15,18.198,18.18,18.209
0.0,0.0,6.64,7.16,17.5,19.118,0.0,0.0,0.0,0.0,0.0,0.0,0.0,0.0,7.146999999999999,7.151,7.130999999999999,7.138999999999999,7.132,7.135999999999999,7.122,7.172,7.199,7.188,7.197,7.133,7.192,7.146,7.212,7.162,7.324,7.197,7.1209999999999996,7.16,7.13,7.2219999999999995,7.319999999999999,7.2059999999999995,7.162999999999999,7.185,7.192,7.241,7.153,7.151,7.074999999999999,7.129,7.112,7.1209999999999996,7.087,7.135999999999999,7.192,7.138,7.185,7.285,7.197,7.234999999999999,7.199,7.204,7.1,7.167999999999999,7.193,7.202999999999999,7.2139999999999995,7.697,7.687,7.761,7.675,7.698,7.7170000000000005,7.6770000000000005,7.671,7.589,7.6850000000000005,7.704000000000001,7.665,18.201,18.14,18.184,18.174,18.095,18.147,18.113,18.179,18.164,18.197,18.18,18.122,18.182,18.124,18.208,18.169,18.157,18.184,18.089,18.121,18.215,18.254,18.063,18.119,18.152,18.178,18.175,18.18,18.15,18.198,18.18,18.209
0.0,0.0,6.64,7.16,17.5,34.246,0.0,0.0,0.0,0.0,0.0,0.0,0.0,0.0,7.146999999999999,7.151,7.130999999999999,7.138999999999999,7.132,7.135999999999999,7.122,7.172,7.199,7.188,7.197,7.133,7.192,7.146,7.212,7.162,7.324,7.197,7.1209999999999996,7.16,7.13,7.2219999999999995,7.319999999999999,7.2059999999999995,7.162999999999999,7.185,7.192,7.241,7.153,7.151,7.074999999999999,7.129,7.112,7.1209999999999996,7.087,7.135999999999999,7.192,7.138,7.185,7.285,7.197,7.234999999999999,7.199,7.204,7.1,7.167999999999999,7.193,7.202999999999999,7.2139999999999995,7.697,7.687,7.761,7.675,7.698,7.7170000000000005,7.6770000000000005,7.671,7.589,7.6850000000000005,7.704000000000001,7.665,18.201,18.14,18.184,18.174,18.095,18.147,18.113,18.179,18.164,18.197,18.18,18.122,18.182,18.124,18.208,18.169,18.157,18.184,18.089,18.121,18.215,18.254,18.063,18.119,18.152,18.178,18.175,18.18,18.15,18.198,18.18,18.209
0.0,0.0,6.64,7.16,17.5,6.336,0.0,0.0,0.0,0.0,0.0,0.0,0.0,0.0,7.146999999999999,7.151,7.130999999999999,7.138999999999999,7.132,7.135999999999999,7.122,7.172,7.199,7.188,7.197,7.133,7.192,7.146,7.212,7.162,7.324,7.197,7.1209999999999996,7.16,7.13,7.2219999999999995,7.319999999999999,7.2059999999999995,7.162999999999999,7.185,7.192,7.241,7.153,7.151,7.074999999999999,7.129,7.112,7.1209999999999996,7.087,7.135999999999999,7.192,7.138,7.185,7.285,7.197,7.234999999999999,7.199,7.204,7.1,7.167999999999999,7.193,7.202999999999999,7.2139999999999995,7.697,7.687,7.761,7.675,7.698,7.7170000000000005,7.6770000000000005,7.671,7.589,7.6850000000000005,7.704000000000001,7.665,18.201,18.14,18.184,18.174,18.095,18.147,18.113,18.179,18.164,18.197,18.18,18.122,18.182,18.124,18.208,18.169,18.157,18.184,18.089,18.121,18.215,18.254,18.063,18.119,18.152,18.178,18.175,18.18,18.15,18.198,18.18,18.209
0.0,0.0,6.64,7.16,17.5,8.248,0.0,0.0,0.0,0.0,0.0,0.0,0.0,0.0,7.146999999999999,7.151,7.130999999999999,7.138999999999999,7.132,7.135999999999999,7.122,7.172,7.199,7.188,7.197,7.133,7.192,7.146,7.212,7.162,7.324,7.197,7.1209999999999996,7.16,7.13,7.2219999999999995,7.319999999999999,7.2059999999999995,7.162999999999999,7.185,7.192,7.241,7.153,7.151,7.074999999999999,7.129,7.112,7.1209999999999996,7.087,7.135999999999999,7.192,7.138,7.185,7.285,7.197,7.234999999999999,7.199,7.204,7.1,7.167999999999999,7.193,7.202999999999999,7.2139999999999995,7.697,7.687,7.761,7.675,7.698,7.7170000000000005,7.6770000000000005,7.671,7.589,7.6850000000000005,7.704000000000001,7.665,18.201,18.14,18.184,18.174,18.095,18.147,18.113,18.179,18.164,18.197,18.18,18.122,18.182,18.124,18.208,18.169,18.157,18.184,18.089,18.121,18.215,18.254,18.063,18.119,18.152,18.178,18.175,18.18,18.15,18.198,18.18,18.209
12.007,7.146999999999999,0.507,4.177,14.407,7.146999999999999,7.146999999999999,7.146999999999999,7.146999999999999,7.146999999999999,7.146999999999999,7.146999999999999,7.146999999999999,7.146999999999999,0.0,8.904,66.342,7.606,68.989,10.052,7.601,57.087,10.292,62.917,64.464,48.672,58.884,36.671,23.078,65.512,29.106,28.817,9.697,54.571,22.122,52.969,32.137,62.06,12.212,53.395,69.566,46.027,59.813,58.222,43.159,29.291,20.83,8.52,6.326,35.068,27.134,60.029,55.039,55.751,27.895,24.188,47.31,51.456,19.933,34.646,42.365,10.583,7.919,4.7139999999999995,4.704,4.778,4.691999999999999,4.715,4.734,4.694,4.688,4.606,4.702,4.721,4.6819999999999995,15.108,15.047,15.091,15.081,15.002,15.054,15.02,15.086,15.071,15.104,15.087,15.029,15.089,15.031,15.115,15.076,15.064,15.091,14.996,15.028,15.122,15.161,14.97,15.026,15.059,15.085,15.082,15.087,15.057,15.105,15.087,15.116
12.011,7.151,0.511,4.181,14.411,7.151,7.151,7.151,7.151,7.151,7.151,7.151,7.151,7.151,8.904,0.0,8.881,41.886,7.655,25.679,7.6,16.525,10.292,31.807,6.327,8.221,9.465,9.841,37.388,11.268,12.532,8.345,54.037,12.377,46.477,7.925,8.793,14.15,7.6,24.845,9.201,10.638,13.69,24.15,9.655,23.263,9.333,44.703,34.345,8.929,11.252,17.869,27.518,7.601,7.6,13.741,11.256,30.193,8.56,27.012,7.606,8.059,7.6,4.718,4.708,4.782,4.696,4.719,4.738,4.698,4.692,4.61,4.706,4.725,4.686,15.112,15.051,15.094999999999999,15.084999999999999,15.006,15.058,15.024,15.09,15.075,15.107999999999999,15.091,15.033,15.093,15.035,15.119,15.08,15.068,15.094999999999999,15.0,15.032,15.126,15.165,14.974,15.03,15.062999999999999,15.089,15.086,15.091,15.061,15.109,15.091,15.12
11.991,7.130999999999999,0.491,4.161,14.391,7.130999999999999,7.130999999999999,7.130999999999999,7.130999999999999,7.130999999999999,7.130999999999999,7.130999999999999,7.130999999999999,7.130999999999999,66.342,8.881,0.0,14.721,11.587,8.88,11.887,8.249,8.59,8.331,7.601,8.241,13.813,44.791,7.92,8.561,11.649,9.201,11.519,15.996,6.966,13.982,9.707,10.736,28.322,32.175,8.182,13.326,8.88,8.694,10.738,10.106,9.99,10.879,52.975,9.631,14.265,8.559,9.026,8.246,7.098,27.192,8.56,13.558,9.2,22.531,7.279,11.572,16.826,4.6979999999999995,4.688,4.762,4.675999999999999,4.699,4.718,4.678,4.672,4.59,4.686,4.705,4.6659999999999995,15.092,15.031,15.075,15.065,14.986,15.038,15.004,15.07,15.055,15.088,15.071,15.013,15.073,15.015,15.099,15.06,15.048,15.075,14.98,15.012,15.106,15.145,14.954,15.01,15.043,15.069,15.066,15.071,15.041,15.089,15.071,15.1
11.999,7.138999999999999,0.499,4.169,14.399000000000001,7.138999999999999,7.138999999999999,7.138999999999999,7.138999999999999,7.138999999999999,7.138999999999999,7.138999999999999,7.138999999999999,7.138999999999999,7.606,41.886,14.721,0.0,8.251,10.212,13.538,20.666,22.255,33.646,9.2,23.228,7.716,15.323,6.013,9.201,27.27,7.602,12.532,39.707,8.24,30.452,8.24,6.645,29.299,19.199,8.693,33.292,31.888,9.423,9.973,6.645,19.967,12.853,13.812,18.335,42.8,7.92,7.286,7.854,11.572,31.427,18.888,20.986,8.239,20.346,8.881,9.601,12.853,4.7059999999999995,4.696,4.77,4.683999999999999,4.707,4.726,4.686,4.68,4.598,4.694,4.712999999999999,4.6739999999999995,15.100000000000001,15.039000000000001,15.083,15.073,14.994000000000002,15.046000000000001,15.012,15.078000000000001,15.063,15.096,15.079,15.021,15.081000000000001,15.023000000000001,15.107000000000001,15.068000000000001,15.056000000000001,15.083,14.988000000000001,15.020000000000001,15.114,15.153,14.962000000000002,15.018,15.051,15.077000000000002,15.074000000000002,15.079,15.049000000000001,15.097000000000001,15.079,15.108
11.992,7.132,0.492,4.162,14.392,7.132,7.132,7.132,7.132,7.132,7.132,7.132,7.132,7.132,68.989,7.655,11.587,8.251,0.0,7.716,9.667,7.922,8.2,7.926,6.961,8.241,7.28,16.826,9.787,9.2,48.603,9.209,9.013,12.592,17.012,16.636,9.841,8.246,30.365,8.373,8.881,26.886,22.817,7.606,32.611,6.64,51.309,13.92,17.919,8.429,23.347,8.569,31.624,6.327,14.332,10.28,8.88,15.618,8.56,7.6,6.96,9.079,10.934,4.699,4.689,4.763,4.677,4.7,4.719,4.679,4.673,4.591,4.687,4.7059999999999995,4.667,15.093,15.032,15.075999999999999,15.065999999999999,14.987,15.039,15.004999999999999,15.071,15.056,15.088999999999999,15.072,15.014,15.074,15.016,15.1,15.061,15.049,15.075999999999999,14.981,15.013,15.107,15.145999999999999,14.955,15.011,15.043999999999999,15.07,15.067,15.072,15.042,15.09,15.072,15.100999999999999
11.996,7.135999999999999,0.496,4.166,14.396,7.135999999999999,7.135999999999999,7.135999999999999,7.135999999999999,7.135999999999999,7.135999999999999,7.135999999999999,7.135999999999999,7.135999999999999,10.052,25.679,8.88,10.212,7.716,0.0,6.327,9.973,10.114,6.328,8.56,10.02,6.961,9.974,7.28,9.201,8.165,7.601,9.53,13.947,47.571,21.804,6.663,6.96,6.965,10.16,8.56,29.759,7.941,6.96,11.31,10.064,26.223,52.144,18.583,6.639,16.505,8.56,21.397,7.92,7.921,10.384,8.88,15.359,9.521,9.84,8.88,18.286,9.385,4.703,4.6930000000000005,4.767,4.681,4.704000000000001,4.723000000000001,4.683000000000001,4.6770000000000005,4.595000000000001,4.691000000000001,4.710000000000001,4.671,15.097000000000001,15.036000000000001,15.08,15.07,14.991000000000001,15.043000000000001,15.009,15.075000000000001,15.06,15.093,15.076,15.018,15.078000000000001,15.020000000000001,15.104000000000001,15.065000000000001,15.053,15.08,14.985000000000001,15.017000000000001,15.111,15.15,14.959000000000001,15.015,15.048,15.074000000000002,15.071000000000002,15.076,15.046000000000001,15.094000000000001,15.076,15.105
11.982,7.122,0.482,4.152,14.382,7.122,7.122,7.122,7.122,7.122,7.122,7.122,7.122,7.122,7.601,7.6,11.887,13.538,9.667,6.327,0.0,7.29,11.385,9.157,7.921,7.601,7.92,12.331,9.519,7.597,15.22,9.201,22.08,9.723,8.247,8.56,9.529,7.92,6.96,9.529,15.093,25.919,10.37,8.881,8.879,23.226,9.52,12.666,11.892,6.993,8.239,9.52,9.653,9.653,10.932,14.131,9.52,11.627,9.84,7.92,10.159,13.492,7.286,4.689,4.679,4.753,4.667,4.69,4.7090000000000005,4.6690000000000005,4.663,4.581,4.6770000000000005,4.696,4.657,15.083,15.022,15.065999999999999,15.056,14.977,15.029,14.995,15.061,15.046,15.078999999999999,15.062,15.004,15.064,15.006,15.09,15.051,15.039,15.065999999999999,14.971,15.003,15.097,15.136,14.945,15.001,15.033999999999999,15.06,15.057,15.062,15.032,15.08,15.062,15.091
12.032,7.172,0.532,4.202,14.432,7.172,7.172,7.172,7.172,7.172,7.172,7.172,7.172,7.172,57.087,16.525,8.249,20.666,7.922,9.973,7.29,0.0,8.249,11.572,8.882,6.965,8.247,18.135,10.202,6.653,22.814,9.52,25.918,11.481,12.852,23.006,6.012,9.84,7.69,13.492,7.606,14.811,11.253,8.56,12.533,24.704,6.326,18.106,8.272,15.115,8.559,8.56,16.825,10.054,25.09,8.24,7.279,9.519,8.56,9.2,9.209,10.116,9.006,4.739,4.729,4.803,4.717,4.74,4.759,4.719,4.713,4.631,4.727,4.746,4.707,15.133000000000001,15.072000000000001,15.116,15.106,15.027000000000001,15.079,15.045,15.111,15.096,15.129,15.112,15.054,15.114,15.056000000000001,15.14,15.101,15.089,15.116,15.021,15.053,15.147,15.186,14.995000000000001,15.051,15.084,15.110000000000001,15.107000000000001,15.112,15.082,15.13,15.112,15.141
12.059,7.199,0.559,4.229,14.459,7.199,7.199,7.199,7.199,7.199,7.199,7.199,7.199,7.199,10.292,10.292,8.59,22.255,8.2,10.114,11.385,8.249,0.0,20.799,9.209,8.561,10.16,40.006,14.441,7.281,7.922,8.561,17.785,12.549,6.64,10.927,7.92,8.56,8.88,8.246,7.599,9.764,10.482,9.84,14.133,22.28,7.285,8.249,15.093,8.955,8.879,8.24,10.005,8.88,9.523,6.96,7.919,14.586,9.84,8.246,6.645,21.626,20.918,4.766,4.756,4.83,4.744,4.767,4.7860000000000005,4.746,4.74,4.658,4.7540000000000004,4.773,4.734,15.16,15.099,15.142999999999999,15.133,15.054,15.106,15.072,15.138,15.123,15.155999999999999,15.139,15.081,15.141,15.083,15.167,15.128,15.116,15.142999999999999,15.048,15.08,15.174,15.213,15.022,15.078,15.110999999999999,15.137,15.134,15.139,15.109,15.157,15.139,15.168
12.048,7.188,0.548,4.218,14.448,7.188,7.188,7.188,7.188,7.188,7.188,7.188,7.188,7.188,62.917,31.807,8.331,33.646,7.926,6.328,9.157,11.572,20.799,0.0,9.209,7.601,8.881,17.394,15.867,9.795,8.568,8.881,12.86,13.771,7.601,13.812,8.889,7.599,7.92,13.493,9.888,8.56,38.244,9.201,9.5,9.067,7.6,7.599,17.785,42.427,11.026,9.2,33.536,9.472,8.072,9.201,8.246,9.611,9.527,10.161,6.961,7.294,7.28,4.755,4.745,4.819,4.733,4.756,4.775,4.735,4.729,4.647,4.743,4.7620000000000005,4.723,15.149000000000001,15.088000000000001,15.132,15.122,15.043000000000001,15.095,15.061,15.127,15.112,15.145,15.128,15.07,15.13,15.072000000000001,15.156,15.117,15.105,15.132,15.037,15.069,15.163,15.202,15.011000000000001,15.067,15.1,15.126000000000001,15.123000000000001,15.128,15.098,15.146,15.128,15.157
12.057,7.197,0.557,4.227,14.457,7.197,7.197,7.197,7.197,7.197,7.197,7.197,7.197,7.197,64.464,6.327,7.601,9.2,6.961,8.56,7.921,8.882,9.209,9.209,0.0,8.24,7.606,7.599,8.239,6.959,8.879,9.519,17.901,10.151,8.879,44.478,8.559,8.56,7.286,13.494,8.912,9.209,22.559,7.6,24.372,11.095,8.559,8.559,10.402,20.479,10.159,7.28,8.372,9.2,7.736,7.428,9.52,19.198,8.56,9.208,6.96,6.325,8.56,4.764,4.7540000000000004,4.828,4.742,4.765000000000001,4.784000000000001,4.744000000000001,4.738,4.656000000000001,4.752000000000001,4.771000000000001,4.732,15.158000000000001,15.097000000000001,15.141,15.131,15.052000000000001,15.104000000000001,15.07,15.136000000000001,15.121,15.154,15.137,15.079,15.139000000000001,15.081000000000001,15.165000000000001,15.126000000000001,15.114,15.141,15.046000000000001,15.078000000000001,15.172,15.211,15.020000000000001,15.076,15.109,15.135000000000002,15.132000000000001,15.137,15.107000000000001,15.155000000000001,15.137,15.166
11.993,7.133,0.493,4.163,14.393,7.133,7.133,7.133,7.133,7.133,7.133,7.133,7.133,7.133,48.672,8.221,8.241,23.228,8.241,10.02,7.601,6.965,8.561,7.601,8.24,0.0,6.327,8.56,9.849,8.241,8.889,7.921,13.101,9.819,10.159,12.536,9.199,6.645,7.605,12.853,10.992,9.84,10.16,7.919,7.107,10.529,9.2,29.683,7.484,13.896,7.6,8.245,14.227,7.279,8.56,8.245,8.239,11.524,8.879,8.88,9.2,6.645,9.065,4.7,4.69,4.764,4.678,4.7010000000000005,4.720000000000001,4.680000000000001,4.674,4.5920000000000005,4.688000000000001,4.707000000000001,4.668,15.094000000000001,15.033000000000001,15.077,15.067,14.988000000000001,15.040000000000001,15.006,15.072000000000001,15.057,15.09,15.073,15.015,15.075000000000001,15.017000000000001,15.101,15.062000000000001,15.05,15.077,14.982000000000001,15.014000000000001,15.108,15.147,14.956000000000001,15.012,15.045,15.071000000000002,15.068000000000001,15.073,15.043000000000001,15.091000000000001,15.073,15.102
12.052,7.192,0.552,4.2219999999999995,14.452,7.192,7.192,7.192,7.192,7.192,7.192,7.192,7.192,7.192,58.884,9.465,13.813,7.716,7.28,6.961,7.92,8.247,10.16,8.881,7.606,6.327,0.0,10.613,8.24,9.84,7.605,8.246,8.56,11.252,9.519,12.8,8.246,8.241,16.651,7.6,8.804,8.559,26.878,8.239,10.32,24.708,9.84,30.078,12.708,6.959,7.601,9.519,8.739,7.661,10.159,10.241,8.879,18.673,8.559,9.2,7.28,7.28,9.2,4.7589999999999995,4.749,4.8229999999999995,4.736999999999999,4.76,4.779,4.739,4.733,4.651,4.747,4.766,4.726999999999999,15.153,15.092,15.136,15.126,15.047,15.099,15.065,15.131,15.116,15.149,15.132,15.074,15.134,15.076,15.16,15.121,15.109,15.136,15.041,15.073,15.167,15.206,15.015,15.071,15.104,15.13,15.127,15.132,15.102,15.15,15.132,15.161
12.006,7.146,0.506,4.176,14.406,7.146,7.146,7.146,7.146,7.146,7.146,7.146,7.146,7.146,36.671,9.841,44.791,15.323,16.826,9.974,12.331,18.135,40.006,17.394,7.599,8.56,10.613,0.0,6.959,6.96,9.2,7.287,12.408,7.715,8.56,25.464,9.2,8.246,8.56,9.637,8.246,6.966,9.201,6.96,8.272,12.218,8.88,7.28,68.471,19.065,8.879,8.24,13.759,17.116,7.6,9.47,6.646,14.115,9.199,9.839,7.6,8.24,9.058,4.713,4.703,4.777,4.691,4.714,4.7330000000000005,4.6930000000000005,4.687,4.605,4.7010000000000005,4.720000000000001,4.681,15.107000000000001,15.046000000000001,15.09,15.08,15.001000000000001,15.053,15.019,15.085,15.07,15.103,15.086,15.028,15.088000000000001,15.030000000000001,15.114,15.075000000000001,15.063,15.09,14.995000000000001,15.027000000000001,15.121,15.16,14.969000000000001,15.025,15.058,15.084000000000001,15.081000000000001,15.086,15.056000000000001,15.104000000000001,15.086,15.115
12.072,7.212,0.572,4.242,14.472,7.212,7.212,7.212,7.212,7.212,7.212,7.212,7.212,7.212,23.078,37.388,7.92,6.013,9.787,7.28,9.519,10.202,14.441,15.867,8.239,9.849,8.24,6.959,0.0,10.363,9.201,7.281,20.347,15.103,8.88,8.245,7.92,6.326,7.608,13.812,9.2,7.28,8.317,7.606,6.966,8.111,6.64,14.399,6.109,20.026,9.519,6.326,8.357,15.91,8.24,9.2,7.281,22.594,7.28,8.56,9.52,10.479,9.2,4.779,4.769,4.843,4.757,4.78,4.799,4.759,4.753,4.671,4.767,4.786,4.747,15.173,15.112,15.155999999999999,15.145999999999999,15.067,15.119,15.084999999999999,15.151,15.136,15.168999999999999,15.152,15.094,15.154,15.096,15.18,15.141,15.129,15.155999999999999,15.061,15.093,15.187,15.225999999999999,15.035,15.091,15.123999999999999,15.15,15.147,15.152,15.122,15.17,15.152,15.181
12.022,7.162,0.522,4.192,14.422,7.162,7.162,7.162,7.162,7.162,7.162,7.162,7.162,7.162,65.512,11.268,8.561,9.201,9.2,9.201,7.597,6.653,7.281,9.795,6.959,8.241,9.84,6.96,10.363,0.0,7.606,7.92,10.152,8.789,7.289,6.96,8.561,6.966,8.249,7.606,9.521,6.96,8.167,8.24,7.937,11.254,6.966,11.721,11.077,11.253,8.24,6.968,9.088,8.56,7.609,8.88,8.24,16.637,9.841,8.239,10.48,8.559,9.321,4.729,4.719,4.793,4.707,4.73,4.7490000000000006,4.7090000000000005,4.703,4.621,4.7170000000000005,4.736000000000001,4.697,15.123000000000001,15.062000000000001,15.106,15.096,15.017000000000001,15.069,15.035,15.101,15.086,15.119,15.102,15.044,15.104000000000001,15.046000000000001,15.13,15.091000000000001,15.079,15.106,15.011000000000001,15.043000000000001,15.137,15.176,14.985000000000001,15.041,15.074,15.100000000000001,15.097000000000001,15.102,15.072000000000001,15.120000000000001,15.102,15.131
12.184,7.324,0.684,4.354,14.584,7.324,7.324,7.324,7.324,7.324,7.324,7.324,7.324,7.324,29.106,12.532,11.649,27.27,48.603,8.165,15.22,22.814,7.922,8.568,8.879,8.889,7.605,9.2,9.201,7.606,0.0,8.249,7.745,9.201,9.199,17.918,8.24,10.16,7.697,8.312,7.28,7.599,8.373,9.519,8.88,8.993,7.925,21.954,7.279,26.244,10.159,8.879,27.93,16.509,9.52,8.559,9.839,9.523,9.519,8.879,9.2,8.88,7.28,4.891,4.881,4.955,4.869,4.892,4.9110000000000005,4.871,4.865,4.783,4.8790000000000004,4.898,4.859,15.285,15.224,15.267999999999999,15.258,15.179,15.231,15.197,15.263,15.248,15.280999999999999,15.264,15.206,15.266,15.208,15.292,15.253,15.241,15.267999999999999,15.173,15.205,15.299,15.338,15.147,15.203,15.235999999999999,15.262,15.259,15.264,15.234,15.282,15.264,15.293
12.057,7.197,0.557,4.227,14.457,7.197,7.197,7.197,7.197,7.197,7.197,7.197,7.197,7.197,28.817,8.345,9.201,7.602,9.209,7.601,9.201,9.52,8.561,8.881,9.519,7.921,8.246,7.287,7.281,7.92,8.249,0.0,11.386,6.646,8.246,20.939,9.52,10.16,7.287,6.013,8.88,8.246,7.799,8.56,8.88,7.897,9.52,11.519,9.2,12.261,10.48,9.52,6.646,23.689,7.295,9.52,8.246,9.792,7.92,7.28,8.561,7.926,7.6,4.764,4.7540000000000004,4.828,4.742,4.765000000000001,4.784000000000001,4.744000000000001,4.738,4.656000000000001,4.752000000000001,4.771000000000001,4.732,15.158000000000001,15.097000000000001,15.141,15.131,15.052000000000001,15.104000000000001,15.07,15.136000000000001,15.121,15.154,15.137,15.079,15.139000000000001,15.081000000000001,15.165000000000001,15.126000000000001,15.114,15.141,15.046000000000001,15.078000000000001,15.172,15.211,15.020000000000001,15.076,15.109,15.135000000000002,15.132000000000001,15.137,15.107000000000001,15.155000000000001,15.137,15.166
11.981,7.1209999999999996,0.481,4.151,14.381,7.1209999999999996,7.1209999999999996,7.1209999999999996,7.1209999999999996,7.1209999999999996,7.1209999999999996,7.1209999999999996,7.1209999999999996,7.1209999999999996,9.697,54.037,11.519,12.532,9.013,9.53,22.08,25.918,17.785,12.86,17.901,13.101,8.56,12.408,20.347,10.152,7.745,11.386,0.0,8.881,10.48,9.51,7.6,8.559,6.966,8.854,8.246,6.325,8.245,9.199,7.607,8.559,6.326,14.772,8.88,32.124,8.88,7.926,7.919,11.894,8.239,7.286,9.519,6.64,7.919,7.285,9.199,8.568,7.608,4.688,4.678,4.752,4.6659999999999995,4.689,4.708,4.668,4.662,4.58,4.676,4.695,4.656,15.082,15.021,15.065,15.055,14.976,15.028,14.994,15.06,15.045,15.078,15.061,15.003,15.063,15.005,15.089,15.05,15.038,15.065,14.97,15.002,15.096,15.135,14.944,15.0,15.033,15.059000000000001,15.056000000000001,15.061,15.031,15.079,15.061,15.09
12.02,7.16,0.52,4.1899999999999995,14.42,7.16,7.16,7.16,7.16,7.16,7.16,7.16,7.16,7.16,54.571,12.377,15.996,39.707,12.592,13.947,9.723,11.481,12.549,13.771,10.151,9.819,11.252,7.715,15.103,8.789,9.201,6.646,8.881,0.0,7.926,9.456,7.599,6.333,7.599,6.966,7.818,7.615,27.91,10.159,7.6,7.877,8.879,6.966,8.879,18.079,10.159,7.6,7.601,9.199,9.519,6.646,7.601,6.959,7.599,6.326,7.28,7.279,6.645,4.726999999999999,4.717,4.7909999999999995,4.704999999999999,4.728,4.747,4.707,4.701,4.619,4.715,4.734,4.694999999999999,15.121,15.06,15.104,15.094,15.015,15.067,15.033,15.099,15.084,15.116999999999999,15.1,15.042,15.102,15.044,15.128,15.089,15.077,15.104,15.009,15.041,15.135,15.174,14.983,15.039,15.072,15.098,15.095,15.1,15.07,15.118,15.1,15.129
11.99,7.13,0.49,4.16,14.39,7.13,7.13,7.13,7.13,7.13,7.13,7.13,7.13,7.13,22.122,46.477,6.966,8.24,17.012,47.571,8.247,12.852,6.64,7.601,8.879,10.159,9.519,8.56,8.88,7.289,9.199,8.246,10.48,7.926,0.0,12.033,8.56,10.247,8.88,9.839,8.053,6.327,38.213,7.927,7.287,6.959,7.926,24.132,9.201,8.883,9.677,14.152,8.56,10.295,8.879,7.285,6.326,7.6,7.92,6.645,8.24,7.599,8.56,4.697,4.687,4.761,4.675,4.698,4.7170000000000005,4.6770000000000005,4.671,4.589,4.6850000000000005,4.704000000000001,4.665,15.091000000000001,15.030000000000001,15.074,15.064,14.985000000000001,15.037,15.003,15.069,15.054,15.087,15.07,15.012,15.072000000000001,15.014000000000001,15.098,15.059000000000001,15.047,15.074,14.979000000000001,15.011000000000001,15.105,15.144,14.953000000000001,15.009,15.042,15.068000000000001,15.065000000000001,15.07,15.040000000000001,15.088000000000001,15.07,15.099
12.082,7.2219999999999995,0.582,4.252,14.482000000000001,7.2219999999999995,7.2219999999999995,7.2219999999999995,7.2219999999999995,7.2219999999999995,7.2219999999999995,7.2219999999999995,7.2219999999999995,7.2219999999999995,52.969,7.925,13.982,30.452,16.636,21.804,8.56,23.006,10.927,13.812,44.478,12.536,12.8,25.464,8.245,6.96,17.918,20.939,9.51,9.456,12.033,0.0,6.646,10.122,10.293,8.559,9.781,32.458,6.974,13.039,6.326,8.898,12.778,10.425,14.627,36.059,7.734,54.072,6.014,9.52,24.824,7.285,22.14,14.718,17.107,9.519,7.279,8.239,7.279,4.789,4.779,4.853,4.7669999999999995,4.79,4.809,4.769,4.763,4.681,4.777,4.795999999999999,4.757,15.183000000000002,15.122000000000002,15.166,15.156,15.077000000000002,15.129000000000001,15.095,15.161000000000001,15.146,15.179,15.162,15.104000000000001,15.164000000000001,15.106000000000002,15.190000000000001,15.151000000000002,15.139000000000001,15.166,15.071000000000002,15.103000000000002,15.197000000000001,15.236,15.045000000000002,15.101,15.134,15.160000000000002,15.157000000000002,15.162,15.132000000000001,15.180000000000001,15.162,15.191
12.18,7.319999999999999,0.68,4.35,14.58,7.319999999999999,7.319999999999999,7.319999999999999,7.319999999999999,7.319999999999999,7.319999999999999,7.319999999999999,7.319999999999999,7.319999999999999,32.137,8.793,9.707,8.24,9.841,6.663,9.529,6.012,7.92,8.889,8.559,9.199,8.246,9.2,7.92,8.561,8.24,9.52,7.6,7.599,8.56,6.646,0.0,26.022,10.826,9.521,8.224,10.114,14.337,45.885,10.481,45.245,54.267,18.793,37.127,15.866,9.332,12.711,11.385,6.965,8.254,7.926,7.925,10.679,7.6,7.6,8.88,6.967,6.959,4.887,4.877,4.951,4.864999999999999,4.888,4.907,4.867,4.861,4.779,4.875,4.894,4.8549999999999995,15.281,15.22,15.264,15.254,15.175,15.227,15.193,15.259,15.244,15.277,15.26,15.202,15.262,15.204,15.288,15.249,15.237,15.264,15.169,15.201,15.295,15.334,15.143,15.199,15.232,15.258000000000001,15.255,15.26,15.23,15.278,15.26,15.289
12.066,7.2059999999999995,0.566,4.236,14.466000000000001,7.2059999999999995,7.2059999999999995,7.2059999999999995,7.2059999999999995,7.2059999999999995,7.2059999999999995,7.2059999999999995,7.2059999999999995,7.2059999999999995,62.06,14.15,10.736,6.645,8.246,6.96,7.92,9.84,8.56,7.599,8.56,6.645,8.241,8.246,6.326,6.966,10.16,10.16,8.559,6.333,10.247,10.122,26.022,0.0,9.059,8.625,8.24,21.455,11.26,8.832,17.153,14.485,8.758,12.858,30.217,8.889,11.253,8.88,25.585,8.245,8.559,8.785,8.723,9.972,7.279,7.918,7.925,14.008,8.5,4.773,4.763,4.837,4.7509999999999994,4.774,4.793,4.753,4.747,4.665,4.761,4.779999999999999,4.741,15.167000000000002,15.106000000000002,15.15,15.14,15.061000000000002,15.113000000000001,15.079,15.145000000000001,15.13,15.163,15.146,15.088000000000001,15.148000000000001,15.090000000000002,15.174000000000001,15.135000000000002,15.123000000000001,15.15,15.055000000000001,15.087000000000002,15.181000000000001,15.22,15.029000000000002,15.085,15.118,15.144000000000002,15.141000000000002,15.146,15.116000000000001,15.164000000000001,15.146,15.175
12.023,7.162999999999999,0.523,4.193,14.423,7.162999999999999,7.162999999999999,7.162999999999999,7.162999999999999,7.162999999999999,7.162999999999999,7.162999999999999,7.162999999999999,7.162999999999999,12.212,7.6,28.322,29.299,30.365,6.965,6.96,7.69,8.88,7.92,7.286,7.605,16.651,8.56,7.608,8.249,7.697,7.287,6.966,7.599,8.88,10.293,10.826,9.059,0.0,18.71,22.007,8.704,11.506,83.606,7.287,10.496,7.602,22.351,8.543,9.654,7.606,14.133,20.472,6.327,10.488,7.279,9.652,9.745,10.655,8.88,7.92,12.533,8.56,4.7299999999999995,4.72,4.794,4.707999999999999,4.731,4.75,4.71,4.704,4.622,4.718,4.737,4.6979999999999995,15.124,15.063,15.107,15.097,15.018,15.07,15.036,15.102,15.087,15.12,15.103,15.045,15.105,15.047,15.131,15.092,15.08,15.107,15.012,15.044,15.138,15.177,14.986,15.042,15.075,15.101,15.098,15.103,15.073,15.121,15.103,15.132
12.045,7.185,0.545,4.215,14.445,7.185,7.185,7.185,7.185,7.185,7.185,7.185,7.185,7.185,53.395,24.845,32.175,19.199,8.373,10.16,9.529,13.492,8.246,13.493,13.494,12.853,7.6,9.637,13.812,7.606,8.312,6.013,8.854,6.966,9.839,8.559,9.521,8.625,18.71,0.0,11.894,8.694,12.561,13.495,7.697,8.699,8.282,40.131,9.021,8.397,21.99,19.387,13.188,7.61,8.88,7.28,26.789,9.2,19.67,7.601,7.616,7.605,9.2,4.752,4.742,4.816,4.7299999999999995,4.753,4.772,4.732,4.726,4.644,4.74,4.759,4.72,15.146,15.085,15.129,15.119,15.040000000000001,15.092,15.058,15.124,15.109,15.142,15.125,15.067,15.127,15.069,15.153,15.114,15.102,15.129,15.034,15.066,15.16,15.199,15.008000000000001,15.064,15.097,15.123000000000001,15.120000000000001,15.125,15.095,15.143,15.125,15.154
12.052,7.192,0.552,4.2219999999999995,14.452,7.192,7.192,7.192,7.192,7.192,7.192,7.192,7.192,7.192,69.566,9.201,8.182,8.693,8.881,8.56,15.093,7.606,7.599,9.888,8.912,10.992,8.804,8.246,9.2,9.521,7.28,8.88,8.246,7.818,8.053,9.781,8.224,8.24,22.007,11.894,0.0,28.528,17.309,7.927,9.637,12.212,7.59,7.92,27.416,20.353,7.286,14.454,9.012,7.926,9.199,8.245,15.149,8.56,23.678,6.966,8.239,7.599,17.876,4.7589999999999995,4.749,4.8229999999999995,4.736999999999999,4.76,4.779,4.739,4.733,4.651,4.747,4.766,4.726999999999999,15.153,15.092,15.136,15.126,15.047,15.099,15.065,15.131,15.116,15.149,15.132,15.074,15.134,15.076,15.16,15.121,15.109,15.136,15.041,15.073,15.167,15.206,15.015,15.071,15.104,15.13,15.127,15.132,15.102,15.15,15.132,15.161
12.100999999999999,7.241,0.601,4.271,14.501000000000001,7.241,7.241,7.241,7.241,7.241,7.241,7.241,7.241,7.241,46.027,10.638,13.326,33.292,26.886,29.759,25.919,14.811,9.764,8.56,9.209,9.84,8.559,6.966,7.28,6.96,7.599,8.246,6.325,7.615,6.327,32.458,10.114,21.455,8.704,8.694,28.528,0.0,32.693,8.659,36.186,13.173,11.845,9.43,25.598,12.534,10.884,8.241,11.942,9.959,6.326,9.233,8.246,7.926,11.26,9.84,6.646,7.6,7.92,4.808,4.798,4.872,4.786,4.809,4.828,4.788,4.782,4.7,4.796,4.8149999999999995,4.776,15.202000000000002,15.141000000000002,15.185,15.175,15.096000000000002,15.148000000000001,15.114,15.180000000000001,15.165000000000001,15.198,15.181000000000001,15.123000000000001,15.183000000000002,15.125000000000002,15.209000000000001,15.170000000000002,15.158000000000001,15.185,15.090000000000002,15.122000000000002,15.216000000000001,15.255,15.064000000000002,15.120000000000001,15.153,15.179000000000002,15.176000000000002,15.181000000000001,15.151000000000002,15.199000000000002,15.181000000000001,15.21
12.013,7.153,0.513,4.183,14.413,7.153,7.153,7.153,7.153,7.153,7.153,7.153,7.153,7.153,59.813,13.69,8.88,31.888,22.817,7.941,10.37,11.253,10.482,38.244,22.559,10.16,26.878,9.201,8.317,8.167,8.373,7.799,8.245,27.91,38.213,6.974,14.337,11.26,11.506,12.561,17.309,32.693,0.0,23.882,8.241,7.919,7.92,24.824,24.916,16.56,15.411,24.914,7.279,9.786,6.044,7.695,7.925,11.572,15.505,7.285,7.919,6.646,7.925,4.72,4.71,4.784,4.6979999999999995,4.721,4.74,4.7,4.694,4.612,4.708,4.727,4.688,15.114,15.053,15.097,15.087,15.008000000000001,15.06,15.026,15.092,15.077,15.11,15.093,15.035,15.095,15.037,15.121,15.082,15.07,15.097,15.002,15.034,15.128,15.167,14.976,15.032,15.065,15.091000000000001,15.088000000000001,15.093,15.063,15.111,15.093,15.122
12.011,7.151,0.511,4.181,14.411,7.151,7.151,7.151,7.151,7.151,7.151,7.151,7.151,7.151,58.222,24.15,8.694,9.423,7.606,6.96,8.881,8.56,9.84,9.201,7.6,7.919,8.239,6.96,7.606,8.24,9.519,8.56,9.199,10.159,7.927,13.039,45.885,8.832,83.606,13.495,7.927,8.659,23.882,0.0,13.174,10.933,6.96,11.111,8.226,9.035,10.437,6.327,8.559,20.88,7.745,8.88,8.33,10.48,9.841,16.786,6.645,8.239,9.408,4.718,4.708,4.782,4.696,4.719,4.738,4.698,4.692,4.61,4.706,4.725,4.686,15.112,15.051,15.094999999999999,15.084999999999999,15.006,15.058,15.024,15.09,15.075,15.107999999999999,15.091,15.033,15.093,15.035,15.119,15.08,15.068,15.094999999999999,15.0,15.032,15.126,15.165,14.974,15.03,15.062999999999999,15.089,15.086,15.091,15.061,15.109,15.091,15.12
11.935,7.074999999999999,0.435,4.1049999999999995,14.335,7.074999999999999,7.074999999999999,7.074999999999999,7.074999999999999,7.074999999999999,7.074999999999999,7.074999999999999,7.074999999999999,7.074999999999999,43.159,9.655,10.738,9.973,32.611,11.31,8.879,12.533,14.133,9.5,24.372,7.107,10.32,8.272,6.966,7.937,8.88,8.88,7.607,7.6,7.287,6.326,10.481,17.153,7.287,7.697,9.637,36.186,8.241,13.174,0.0,9.529,6.96,8.24,15.84,8.906,19.978,8.74,8.559,14.906,6.012,8.56,6.966,8.361,9.52,9.334,8.241,6.647,9.333,4.6419999999999995,4.632,4.7059999999999995,4.619999999999999,4.643,4.662,4.622,4.616,4.534,4.63,4.648999999999999,4.609999999999999,15.036000000000001,14.975000000000001,15.019,15.009,14.930000000000001,14.982000000000001,14.948,15.014000000000001,14.999,15.032,15.015,14.957,15.017000000000001,14.959000000000001,15.043000000000001,15.004000000000001,14.992,15.019,14.924000000000001,14.956000000000001,15.05,15.089,14.898000000000001,14.954,14.987,15.013000000000002,15.010000000000002,15.015,14.985000000000001,15.033000000000001,15.015,15.044
11.989,7.129,0.489,4.159,14.389000000000001,7.129,7.129,7.129,7.129,7.129,7.129,7.129,7.129,7.129,29.291,23.263,10.106,6.645,6.64,10.064,23.226,24.704,22.28,9.067,11.095,10.529,24.708,12.218,8.111,11.254,8.993,7.897,8.559,7.877,6.959,8.898,45.245,14.485,10.496,8.699,12.212,13.173,7.919,10.933,9.529,0.0,8.24,8.246,10.007,22.938,19.317,28.865,8.56,11.622,9.61,7.927,8.245,9.52,9.52,7.92,7.279,8.239,8.879,4.696,4.686,4.76,4.6739999999999995,4.697,4.716,4.676,4.67,4.588,4.684,4.702999999999999,4.664,15.090000000000002,15.029000000000002,15.073,15.063,14.984000000000002,15.036000000000001,15.002,15.068000000000001,15.053,15.086,15.069,15.011000000000001,15.071000000000002,15.013000000000002,15.097000000000001,15.058000000000002,15.046000000000001,15.073,14.978000000000002,15.010000000000002,15.104000000000001,15.143,14.952000000000002,15.008000000000001,15.041,15.067000000000002,15.064000000000002,15.069,15.039000000000001,15.087000000000002,15.069,15.098
11.972,7.112,0.472,4.1419999999999995,14.372,7.112,7.112,7.112,7.112,7.112,7.112,7.112,7.112,7.112,20.83,9.333,9.99,19.967,51.309,26.223,9.52,6.326,7.285,7.6,8.559,9.2,9.84,8.88,6.64,6.966,7.925,9.52,6.326,8.879,7.926,12.778,54.267,8.758,7.602,8.282,7.59,11.845,7.92,6.96,6.96,8.24,0.0,31.171,11.892,12.969,16.186,8.245,9.199,8.561,7.925,8.246,9.2,9.519,8.24,9.323,7.606,8.239,7.613,4.678999999999999,4.669,4.742999999999999,4.656999999999999,4.68,4.699,4.659,4.653,4.571,4.667,4.686,4.646999999999999,15.073,15.012,15.056,15.046,14.967,15.019,14.985,15.051,15.036,15.068999999999999,15.052,14.994,15.054,14.996,15.08,15.041,15.029,15.056,14.961,14.993,15.087,15.126,14.935,14.991,15.024,15.05,15.047,15.052,15.022,15.07,15.052,15.081
11.981,7.1209999999999996,0.481,4.151,14.381,7.1209999999999996,7.1209999999999996,7.1209999999999996,7.1209999999999996,7.1209999999999996,7.1209999999999996,7.1209999999999996,7.1209999999999996,7.1209999999999996,8.52,44.703,10.879,12.853,13.92,52.144,12.666,18.106,8.249,7.599,8.559,29.683,30.078,7.28,14.399,11.721,21.954,11.519,14.772,6.966,24.132,10.425,18.793,12.858,22.351,40.131,7.92,9.43,24.824,11.111,8.24,8.246,31.171,0.0,18.008,12.591,17.516,13.494,6.966,7.28,12.212,7.279,11.393,8.559,8.239,8.641,8.559,9.208,6.327,4.688,4.678,4.752,4.6659999999999995,4.689,4.708,4.668,4.662,4.58,4.676,4.695,4.656,15.082,15.021,15.065,15.055,14.976,15.028,14.994,15.06,15.045,15.078,15.061,15.003,15.063,15.005,15.089,15.05,15.038,15.065,14.97,15.002,15.096,15.135,14.944,15.0,15.033,15.059000000000001,15.056000000000001,15.061,15.031,15.079,15.061,15.09
11.947,7.087,0.447,4.117,14.347,7.087,7.087,7.087,7.087,7.087,7.087,7.087,7.087,7.087,6.326,34.345,52.975,13.812,17.919,18.583,11.892,8.272,15.093,17.785,10.402,7.484,12.708,68.471,6.109,11.077,7.279,9.2,8.88,8.879,9.201,14.627,37.127,30.217,8.543,9.021,27.416,25.598,24.916,8.226,15.84,10.007,11.892,18.008,0.0,9.571,6.64,26.372,23.226,10.16,6.965,7.92,7.925,9.209,7.286,8.56,8.559,9.199,6.967,4.654,4.644,4.718,4.632,4.655,4.674,4.634,4.628,4.546,4.642,4.661,4.622,15.048,14.987,15.030999999999999,15.020999999999999,14.942,14.994,14.959999999999999,15.026,15.011,15.043999999999999,15.027,14.969,15.029,14.971,15.055,15.016,15.004,15.030999999999999,14.936,14.968,15.062,15.100999999999999,14.91,14.966,14.998999999999999,15.025,15.022,15.027,14.997,15.045,15.027,15.056
11.996,7.135999999999999,0.496,4.166,14.396,7.135999999999999,7.135999999999999,7.135999999999999,7.135999999999999,7.135999999999999,7.135999999999999,7.135999999999999,7.135999999999999,7.135999999999999,35.068,8.929,9.631,18.335,8.429,6.639,6.993,15.115,8.955,42.427,20.479,13.896,6.959,19.065,20.026,11.253,26.244,12.261,32.124,18.079,8.883,36.059,15.866,8.889,9.654,8.397,20.353,12.534,16.56,9.035,8.906,22.938,12.969,12.591,9.571,0.0,31.268,7.926,7.289,8.88,7.935,8.642,8.56,7.986,8.24,8.24,9.841,7.6,8.246,4.703,4.6930000000000005,4.767,4.681,4.704000000000001,4.723000000000001,4.683000000000001,4.6770000000000005,4.595000000000001,4.691000000000001,4.710000000000001,4.671,15.097000000000001,15.036000000000001,15.08,15.07,14.991000000000001,15.043000000000001,15.009,15.075000000000001,15.06,15.093,15.076,15.018,15.078000000000001,15.020000000000001,15.104000000000001,15.065000000000001,15.053,15.08,14.985000000000001,15.017000000000001,15.111,15.15,14.959000000000001,15.015,15.048,15.074000000000002,15.071000000000002,15.076,15.046000000000001,15.094000000000001,15.076,15.105
12.052,7.192,0.552,4.2219999999999995,14.452,7.192,7.192,7.192,7.192,7.192,7.192,7.192,7.192,7.192,27.134,11.252,14.265,42.8,23.347,16.505,8.239,8.559,8.879,11.026,10.159,7.6,7.601,8.879,9.519,8.24,10.159,10.48,8.88,10.159,9.677,7.734,9.332,11.253,7.606,21.99,7.286,10.884,15.411,10.437,19.978,19.317,16.186,17.516,6.64,31.268,0.0,11.573,8.562,7.6,8.568,9.484,6.646,7.351,8.249,8.239,7.279,8.559,8.559,4.7589999999999995,4.749,4.8229999999999995,4.736999999999999,4.76,4.779,4.739,4.733,4.651,4.747,4.766,4.726999999999999,15.153,15.092,15.136,15.126,15.047,15.099,15.065,15.131,15.116,15.149,15.132,15.074,15.134,15.076,15.16,15.121,15.109,15.136,15.041,15.073,15.167,15.206,15.015,15.071,15.104,15.13,15.127,15.132,15.102,15.15,15.132,15.161
11.998,7.138,0.498,4.168,14.398,7.138,7.138,7.138,7.138,7.138,7.138,7.138,7.138,7.138,60.029,17.869,8.559,7.92,8.569,8.56,9.52,8.56,8.24,9.2,7.28,8.245,9.519,8.24,6.326,6.968,8.879,9.52,7.926,7.6,14.152,54.072,12.711,8.88,14.133,19.387,14.454,8.241,24.914,6.327,8.74,28.865,8.245,13.494,26.372,7.926,11.573,0.0,7.919,8.245,6.645,6.646,8.165,7.606,7.92,6.967,9.2,6.959,9.201,4.705,4.695,4.769,4.683,4.706,4.7250000000000005,4.6850000000000005,4.679,4.597,4.6930000000000005,4.712,4.673,15.099,15.038,15.081999999999999,15.072,14.993,15.045,15.011,15.077,15.062,15.094999999999999,15.078,15.02,15.08,15.022,15.106,15.067,15.055,15.081999999999999,14.987,15.019,15.113,15.152,14.961,15.017,15.049999999999999,15.076,15.073,15.078,15.048,15.096,15.078,15.107
12.045,7.185,0.545,4.215,14.445,7.185,7.185,7.185,7.185,7.185,7.185,7.185,7.185,7.185,55.039,27.518,9.026,7.286,31.624,21.397,9.653,16.825,10.005,33.536,8.372,14.227,8.739,13.759,8.357,9.088,27.93,6.646,7.919,7.601,8.56,6.014,11.385,25.585,20.472,13.188,9.012,11.942,7.279,8.559,8.559,8.56,9.199,6.966,23.226,7.289,8.562,7.919,0.0,6.647,8.345,8.56,8.24,6.711,7.926,10.16,7.6,7.92,9.84,4.752,4.742,4.816,4.7299999999999995,4.753,4.772,4.732,4.726,4.644,4.74,4.759,4.72,15.146,15.085,15.129,15.119,15.040000000000001,15.092,15.058,15.124,15.109,15.142,15.125,15.067,15.127,15.069,15.153,15.114,15.102,15.129,15.034,15.066,15.16,15.199,15.008000000000001,15.064,15.097,15.123000000000001,15.120000000000001,15.125,15.095,15.143,15.125,15.154
12.145,7.285,0.645,4.3149999999999995,14.545,7.285,7.285,7.285,7.285,7.285,7.285,7.285,7.285,7.285,55.751,7.601,8.246,7.854,6.327,7.92,9.653,10.054,8.88,9.472,9.2,7.279,7.661,17.116,15.91,8.56,16.509,23.689,11.894,9.199,10.295,9.52,6.965,8.245,6.327,7.61,7.926,9.959,9.786,20.88,14.906,11.622,8.561,7.28,10.16,8.88,7.6,8.245,6.647,0.0,8.379,8.24,7.919,8.24,6.012,9.839,8.879,8.879,7.919,4.851999999999999,4.842,4.9159999999999995,4.829999999999999,4.853,4.872,4.832,4.826,4.744,4.84,4.859,4.819999999999999,15.246,15.185,15.229,15.219,15.14,15.192,15.158,15.224,15.209,15.241999999999999,15.225,15.167,15.227,15.169,15.253,15.214,15.202,15.229,15.134,15.166,15.26,15.299,15.108,15.164,15.197,15.223,15.22,15.225,15.195,15.243,15.225,15.254
12.057,7.197,0.557,4.227,14.457,7.197,7.197,7.197,7.197,7.197,7.197,7.197,7.197,7.197,27.895,7.6,7.098,11.572,14.332,7.921,10.932,25.09,9.523,8.072,7.736,8.56,10.159,7.6,8.24,7.609,9.52,7.295,8.239,9.519,8.879,24.824,8.254,8.559,10.488,8.88,9.199,6.326,6.044,7.745,6.012,9.61,7.925,12.212,6.965,7.935,8.568,6.645,8.345,8.379,0.0,8.593,9.145,6.408,6.965,9.52,8.241,9.52,9.2,4.764,4.7540000000000004,4.828,4.742,4.765000000000001,4.784000000000001,4.744000000000001,4.738,4.656000000000001,4.752000000000001,4.771000000000001,4.732,15.158000000000001,15.097000000000001,15.141,15.131,15.052000000000001,15.104000000000001,15.07,15.136000000000001,15.121,15.154,15.137,15.079,15.139000000000001,15.081000000000001,15.165000000000001,15.126000000000001,15.114,15.141,15.046000000000001,15.078000000000001,15.172,15.211,15.020000000000001,15.076,15.109,15.135000000000002,15.132000000000001,15.137,15.107000000000001,15.155000000000001,15.137,15.166
12.095,7.234999999999999,0.595,4.265,14.495000000000001,7.234999999999999,7.234999999999999,7.234999999999999,7.234999999999999,7.234999999999999,7.234999999999999,7.234999999999999,7.234999999999999,7.234999999999999,24.188,13.741,27.192,31.427,10.28,10.384,14.131,8.24,6.96,9.201,7.428,8.245,10.241,9.47,9.2,8.88,8.559,9.52,7.286,6.646,7.285,7.285,7.926,8.785,7.279,7.28,8.245,9.233,7.695,8.88,8.56,7.927,8.246,7.279,7.92,8.642,9.484,6.646,8.56,8.24,8.593,0.0,8.437,9.529,6.643,6.96,8.561,8.239,8.241,4.802,4.792,4.866,4.779999999999999,4.803,4.822,4.782,4.776,4.694,4.79,4.808999999999999,4.77,15.196000000000002,15.135000000000002,15.179,15.169,15.090000000000002,15.142000000000001,15.108,15.174000000000001,15.159,15.192,15.175,15.117,15.177000000000001,15.119000000000002,15.203000000000001,15.164000000000001,15.152000000000001,15.179,15.084000000000001,15.116000000000001,15.21,15.249,15.058000000000002,15.114,15.147,15.173000000000002,15.170000000000002,15.175,15.145000000000001,15.193000000000001,15.175,15.204
12.059,7.199,0.559,4.229,14.459,7.199,7.199,7.199,7.199,7.199,7.199,7.199,7.199,7.199,47.31,11.256,8.56,18.888,8.88,8.88,9.52,7.279,7.919,8.246,9.52,8.239,8.879,6.646,7.281,8.24,9.839,8.246,9.519,7.601,6.326,22.14,7.925,8.723,9.652,26.789,15.149,8.246,7.925,8.33,6.966,8.245,9.2,11.393,7.925,8.56,6.646,8.165,8.24,7.919,9.145,8.437,0.0,8.881,7.032,9.748,6.641,8.24,9.201,4.766,4.756,4.83,4.744,4.767,4.7860000000000005,4.746,4.74,4.658,4.7540000000000004,4.773,4.734,15.16,15.099,15.142999999999999,15.133,15.054,15.106,15.072,15.138,15.123,15.155999999999999,15.139,15.081,15.141,15.083,15.167,15.128,15.116,15.142999999999999,15.048,15.08,15.174,15.213,15.022,15.078,15.110999999999999,15.137,15.134,15.139,15.109,15.157,15.139,15.168
12.064,7.204,0.564,4.234,14.464,7.204,7.204,7.204,7.204,7.204,7.204,7.204,7.204,7.204,51.456,30.193,13.558,20.986,15.618,15.359,11.627,9.519,14.586,9.611,19.198,11.524,18.673,14.115,22.594,16.637,9.523,9.792,6.64,6.959,7.6,14.718,10.679,9.972,9.745,9.2,8.56,7.926,11.572,10.48,8.361,9.52,9.519,8.559,9.209,7.986,7.351,7.606,6.711,8.24,6.408,9.529,8.881,0.0,8.24,8.109,8.88,10.16,7.599,4.771,4.761,4.835,4.749,4.772,4.791,4.751,4.745,4.663,4.759,4.7780000000000005,4.739,15.165000000000001,15.104000000000001,15.148,15.138,15.059000000000001,15.111,15.077,15.143,15.128,15.161,15.144,15.086,15.146,15.088000000000001,15.172,15.133000000000001,15.121,15.148,15.053,15.085,15.179,15.218,15.027000000000001,15.083,15.116,15.142000000000001,15.139000000000001,15.144,15.114,15.162,15.144,15.173
11.96,7.1,0.46,4.13,14.360000000000001,7.1,7.1,7.1,7.1,7.1,7.1,7.1,7.1,7.1,19.933,8.56,9.2,8.239,8.56,9.521,9.84,8.56,9.84,9.527,8.56,8.879,8.559,9.199,7.28,9.841,9.519,7.92,7.919,7.599,7.92,17.107,7.6,7.279,10.655,19.67,23.678,11.26,15.505,9.841,9.52,9.52,8.24,8.239,7.286,8.24,8.249,7.92,7.926,6.012,6.965,6.643,7.032,8.24,0.0,8.593,8.24,8.56,8.24,4.667,4.657,4.731,4.645,4.668,4.687,4.647,4.641,4.559,4.655,4.6739999999999995,4.635,15.061000000000002,15.000000000000002,15.044,15.034,14.955000000000002,15.007000000000001,14.973,15.039000000000001,15.024000000000001,15.057,15.040000000000001,14.982000000000001,15.042000000000002,14.984000000000002,15.068000000000001,15.029000000000002,15.017000000000001,15.044,14.949000000000002,14.981000000000002,15.075000000000001,15.114,14.923000000000002,14.979000000000001,15.012,15.038000000000002,15.035000000000002,15.040000000000001,15.010000000000002,15.058000000000002,15.040000000000001,15.069
12.028,7.167999999999999,0.528,4.198,14.428,7.167999999999999,7.167999999999999,7.167999999999999,7.167999999999999,7.167999999999999,7.167999999999999,7.167999999999999,7.167999999999999,7.167999999999999,34.646,27.012,22.531,20.346,7.6,9.84,7.92,9.2,8.246,10.161,9.208,8.88,9.2,9.839,8.56,8.239,8.879,7.28,7.285,6.326,6.645,9.519,7.6,7.918,8.88,7.601,6.966,9.84,7.285,16.786,9.334,7.92,9.323,8.641,8.56,8.24,8.239,6.967,10.16,9.839,9.52,6.96,9.748,8.109,8.593,0.0,8.241,6.325,7.601,4.735,4.7250000000000005,4.799,4.713,4.736000000000001,4.755000000000001,4.715000000000001,4.7090000000000005,4.627000000000001,4.723000000000001,4.742000000000001,4.703,15.129000000000001,15.068000000000001,15.112,15.102,15.023000000000001,15.075000000000001,15.041,15.107000000000001,15.092,15.125,15.108,15.05,15.110000000000001,15.052000000000001,15.136000000000001,15.097000000000001,15.085,15.112,15.017000000000001,15.049000000000001,15.143,15.182,14.991000000000001,15.047,15.08,15.106000000000002,15.103000000000002,15.108,15.078000000000001,15.126000000000001,15.108,15.137
12.053,7.193,0.553,4.223,14.453000000000001,7.193,7.193,7.193,7.193,7.193,7.193,7.193,7.193,7.193,42.365,7.606,7.279,8.881,6.96,8.88,10.159,9.209,6.645,6.961,6.96,9.2,7.28,7.6,9.52,10.48,9.2,8.561,9.199,7.28,8.24,7.279,8.88,7.925,7.92,7.616,8.239,6.646,7.919,6.645,8.241,7.279,7.606,8.559,8.559,9.841,7.279,9.2,7.6,8.879,8.241,8.561,6.641,8.88,8.24,8.241,0.0,6.326,8.57,4.76,4.75,4.824,4.7379999999999995,4.761,4.78,4.74,4.734,4.652,4.748,4.7669999999999995,4.728,15.154000000000002,15.093000000000002,15.137,15.127,15.048000000000002,15.100000000000001,15.066,15.132000000000001,15.117,15.15,15.133000000000001,15.075000000000001,15.135000000000002,15.077000000000002,15.161000000000001,15.122000000000002,15.110000000000001,15.137,15.042000000000002,15.074000000000002,15.168000000000001,15.207,15.016000000000002,15.072000000000001,15.105,15.131000000000002,15.128000000000002,15.133000000000001,15.103000000000002,15.151000000000002,15.133000000000001,15.162
12.063,7.202999999999999,0.563,4.233,14.463000000000001,7.202999999999999,7.202999999999999,7.202999999999999,7.202999999999999,7.202999999999999,7.202999999999999,7.202999999999999,7.202999999999999,7.202999999999999,10.583,8.059,11.572,9.601,9.079,18.286,13.492,10.116,21.626,7.294,6.325,6.645,7.28,8.24,10.479,8.559,8.88,7.926,8.568,7.279,7.599,8.239,6.967,14.008,12.533,7.605,7.599,7.6,6.646,8.239,6.647,8.239,8.239,9.208,9.199,7.6,8.559,6.959,7.92,8.879,9.52,8.239,8.24,10.16,8.56,6.325,6.326,0.0,14.071,4.77,4.76,4.834,4.747999999999999,4.771,4.79,4.75,4.744,4.662,4.758,4.776999999999999,4.7379999999999995,15.164000000000001,15.103000000000002,15.147,15.137,15.058000000000002,15.110000000000001,15.076,15.142000000000001,15.127,15.16,15.143,15.085,15.145000000000001,15.087000000000002,15.171000000000001,15.132000000000001,15.120000000000001,15.147,15.052000000000001,15.084000000000001,15.178,15.217,15.026000000000002,15.082,15.115,15.141000000000002,15.138000000000002,15.143,15.113000000000001,15.161000000000001,15.143,15.172
12.074,7.2139999999999995,0.574,4.244,14.474,7.2139999999999995,7.2139999999999995,7.2139999999999995,7.2139999999999995,7.2139999999999995,7.2139999999999995,7.2139999999999995,7.2139999999999995,7.2139999999999995,7.919,7.6,16.826,12.853,10.934,9.385,7.286,9.006,20.918,7.28,8.56,9.065,9.2,9.058,9.2,9.321,7.28,7.6,7.608,6.645,8.56,7.279,6.959,8.5,8.56,9.2,17.876,7.92,7.925,9.408,9.333,8.879,7.613,6.327,6.967,8.246,8.559,9.201,9.84,7.919,9.2,8.241,9.201,7.599,8.24,7.601,8.57,14.071,0.0,4.781,4.771,4.845,4.7589999999999995,4.782,4.801,4.761,4.755,4.673,4.769,4.788,4.749,15.175,15.114,15.158,15.148,15.069,15.121,15.087,15.153,15.138,15.171,15.154,15.096,15.156,15.098,15.182,15.143,15.131,15.158,15.063,15.095,15.189,15.228,15.037,15.093,15.126,15.152000000000001,15.149000000000001,15.154,15.124,15.172,15.154,15.183
12.537,7.697,4.207,0.537,15.237,7.697,7.697,7.697,7.697,7.697,7.697,7.697,7.697,7.697,4.7139999999999995,4.718,4.6979999999999995,4.7059999999999995,4.699,4.702999999999999,4.689,4.739,4.766,4.755,4.764,4.7,4.759,4.713,4.779,4.729,4.891,4.764,4.688,4.727,4.697,4.789,4.887,4.773,4.7299999999999995,4.752,4.759,4.808,4.72,4.718,4.6419999999999995,4.696,4.679,4.688,4.654,4.702999999999999,4.759,4.705,4.752,4.852,4.764,4.802,4.766,4.771,4.667,4.734999999999999,4.76,4.77,4.781,0.0,58.513,64.175,37.067,10.309,37.565,8.561,9.841,10.161,46.957,6.96,35.549,15.938,15.877,15.921,15.911,15.832,15.884,15.85,15.916,15.901,15.934,15.917,15.859,15.919,15.861,15.945,15.906,15.894,15.921,15.826,15.858,15.952,15.991,15.8,15.856,15.889,15.915000000000001,15.912,15.917,15.887,15.935,15.917,15.946
12.527,7.687,4.197,0.527,15.226999999999999,7.687,7.687,7.687,7.687,7.687,7.687,7.687,7.687,7.687,4.704,4.708,4.688,4.696,4.689,4.693,4.679,4.729,4.756,4.745,4.7540000000000004,4.69,4.7490000000000006,4.703,4.769,4.719,4.881,4.7540000000000004,4.678,4.7170000000000005,4.687,4.779,4.877,4.763,4.72,4.742,4.7490000000000006,4.798,4.71,4.708,4.632,4.686,4.6690000000000005,4.678,4.644,4.693,4.7490000000000006,4.695,4.742,4.8420000000000005,4.7540000000000004,4.792,4.756,4.761,4.657,4.725,4.75,4.76,4.771,58.513,0.0,9.914,18.476,13.73,8.923,15.392,9.963,19.84,21.214,38.574,9.283,15.927999999999999,15.866999999999999,15.910999999999998,15.900999999999998,15.822,15.873999999999999,15.839999999999998,15.905999999999999,15.890999999999998,15.923999999999998,15.906999999999998,15.848999999999998,15.908999999999999,15.850999999999999,15.934999999999999,15.895999999999999,15.883999999999999,15.910999999999998,15.815999999999999,15.847999999999999,15.941999999999998,15.980999999999998,15.79,15.845999999999998,15.878999999999998,15.905,15.902,15.906999999999998,15.876999999999999,15.924999999999999,15.906999999999998,15.935999999999998
12.600999999999999,7.761,4.271,0.601,15.300999999999998,7.761,7.761,7.761,7.761,7.761,7.761,7.761,7.761,7.761,4.778,4.782,4.762,4.77,4.763,4.7669999999999995,4.753,4.803,4.83,4.819,4.828,4.764,4.823,4.777,4.843,4.793,4.955,4.828,4.752,4.791,4.761,4.853,4.951,4.837,4.794,4.816,4.823,4.872,4.784,4.782,4.7059999999999995,4.76,4.743,4.752,4.718,4.7669999999999995,4.823,4.769,4.816,4.916,4.828,4.866,4.83,4.835,4.731,4.7989999999999995,4.824,4.834,4.845,64.175,9.914,0.0,9.839,13.172,8.239,8.24,26.731,8.88,9.199,8.239,9.261,16.002,15.940999999999999,15.984999999999998,15.974999999999998,15.895999999999999,15.947999999999999,15.913999999999998,15.979999999999999,15.964999999999998,15.997999999999998,15.980999999999998,15.922999999999998,15.982999999999999,15.924999999999999,16.008999999999997,15.969999999999999,15.957999999999998,15.984999999999998,15.889999999999999,15.921999999999999,16.016,16.055,15.863999999999999,15.919999999999998,15.952999999999998,15.979,15.975999999999999,15.980999999999998,15.950999999999999,15.998999999999999,15.980999999999998,16.009999999999998
12.515,7.675,4.185,0.515,15.215,7.675,7.675,7.675,7.675,7.675,7.675,7.675,7.675,7.675,4.691999999999999,4.696,4.675999999999999,4.683999999999999,4.677,4.680999999999999,4.667,4.717,4.744,4.733,4.742,4.678,4.737,4.691,4.757,4.707,4.869,4.742,4.6659999999999995,4.705,4.675,4.7669999999999995,4.864999999999999,4.7509999999999994,4.707999999999999,4.7299999999999995,4.737,4.786,4.6979999999999995,4.696,4.619999999999999,4.6739999999999995,4.657,4.6659999999999995,4.632,4.680999999999999,4.737,4.683,4.7299999999999995,4.83,4.742,4.779999999999999,4.744,4.749,4.645,4.712999999999999,4.7379999999999995,4.747999999999999,4.7589999999999995,37.067,18.476,9.839,0.0,9.839,6.967,7.28,8.246,8.246,7.6,6.326,6.967,15.916,15.855,15.899,15.889,15.81,15.862,15.828,15.894,15.879,15.911999999999999,15.895,15.837,15.897,15.839,15.923,15.884,15.872,15.899,15.804,15.836,15.93,15.969,15.778,15.834,15.866999999999999,15.893,15.89,15.895,15.865,15.913,15.895,15.924
12.538,7.698,4.208,0.538,15.238,7.698,7.698,7.698,7.698,7.698,7.698,7.698,7.698,7.698,4.715,4.719,4.699,4.707,4.7,4.704000000000001,4.69,4.74,4.767,4.756,4.765000000000001,4.7010000000000005,4.76,4.714,4.78,4.73,4.892,4.765000000000001,4.689,4.728,4.698,4.79,4.888,4.774,4.731,4.753,4.76,4.809,4.721,4.719,4.643,4.697,4.68,4.689,4.655,4.704000000000001,4.76,4.706,4.753,4.853,4.765000000000001,4.803,4.767,4.772,4.668,4.736000000000001,4.761,4.771,4.782,10.309,13.73,13.172,9.839,0.0,7.6,7.279,7.934,8.245,6.647,6.966,6.646,15.939,15.878,15.921999999999999,15.911999999999999,15.833,15.885,15.850999999999999,15.917,15.902,15.934999999999999,15.918,15.86,15.92,15.862,15.946,15.907,15.895,15.921999999999999,15.827,15.859,15.953,15.991999999999999,15.801,15.857,15.889999999999999,15.916,15.913,15.918,15.888,15.936,15.918,15.947
12.557,7.7170000000000005,4.227,0.557,15.257,7.7170000000000005,7.7170000000000005,7.7170000000000005,7.7170000000000005,7.7170000000000005,7.7170000000000005,7.7170000000000005,7.7170000000000005,7.7170000000000005,4.734,4.738,4.718,4.726,4.719,4.723000000000001,4.7090000000000005,4.759,4.7860000000000005,4.775,4.784000000000001,4.720000000000001,4.779,4.7330000000000005,4.799,4.7490000000000006,4.9110000000000005,4.784000000000001,4.708,4.747,4.7170000000000005,4.809,4.907,4.793,4.75,4.772,4.779,4.828,4.74,4.738,4.662,4.716,4.699,4.708,4.674,4.723000000000001,4.779,4.7250000000000005,4.772,4.872,4.784000000000001,4.822,4.7860000000000005,4.791,4.687,4.755000000000001,4.78,4.79,4.801,37.565,8.923,8.239,6.967,7.6,0.0,8.559,8.88,9.201,9.519,8.56,7.927,15.958,15.897,15.940999999999999,15.931,15.852,15.904,15.87,15.936,15.921,15.953999999999999,15.937,15.879,15.939,15.881,15.965,15.926,15.914,15.940999999999999,15.846,15.878,15.972,16.011,15.82,15.876,15.908999999999999,15.935,15.932,15.937,15.907,15.955,15.937,15.966
12.517,7.6770000000000005,4.187,0.517,15.216999999999999,7.6770000000000005,7.6770000000000005,7.6770000000000005,7.6770000000000005,7.6770000000000005,7.6770000000000005,7.6770000000000005,7.6770000000000005,7.6770000000000005,4.694,4.698,4.678,4.686,4.679,4.683,4.6690000000000005,4.719,4.746,4.735,4.744000000000001,4.680000000000001,4.739000000000001,4.6930000000000005,4.759,4.7090000000000005,4.871,4.744000000000001,4.668,4.707000000000001,4.6770000000000005,4.769,4.867,4.753,4.71,4.732,4.739000000000001,4.788,4.7,4.698,4.622,4.676,4.659000000000001,4.668,4.634,4.683,4.739000000000001,4.6850000000000005,4.732,4.832000000000001,4.744000000000001,4.782,4.746,4.751,4.647,4.715,4.74,4.75,4.761,8.561,15.392,8.24,7.28,7.279,8.559,0.0,8.881,8.889,6.013,12.212,8.06,15.918,15.857,15.900999999999998,15.890999999999998,15.812,15.863999999999999,15.829999999999998,15.895999999999999,15.880999999999998,15.913999999999998,15.896999999999998,15.838999999999999,15.899,15.841,15.924999999999999,15.886,15.873999999999999,15.900999999999998,15.806,15.838,15.931999999999999,15.970999999999998,15.78,15.835999999999999,15.868999999999998,15.895,15.892,15.896999999999998,15.866999999999999,15.915,15.896999999999998,15.925999999999998
12.511,7.671,4.181,0.511,15.210999999999999,7.671,7.671,7.671,7.671,7.671,7.671,7.671,7.671,7.671,4.688,4.692,4.672,4.68,4.673,4.677,4.663,4.713,4.74,4.729,4.738,4.674,4.7330000000000005,4.687,4.753,4.703,4.865,4.738,4.662,4.7010000000000005,4.671,4.763,4.861,4.747,4.704,4.726,4.7330000000000005,4.782,4.694,4.692,4.616,4.67,4.6530000000000005,4.662,4.628,4.677,4.7330000000000005,4.679,4.726,4.8260000000000005,4.738,4.776,4.74,4.745,4.641,4.709,4.734,4.744,4.755,9.841,9.963,26.731,8.246,7.934,8.88,8.881,0.0,8.88,6.961,9.652,8.247,15.911999999999999,15.850999999999999,15.894999999999998,15.884999999999998,15.806,15.857999999999999,15.823999999999998,15.889999999999999,15.874999999999998,15.907999999999998,15.890999999999998,15.832999999999998,15.892999999999999,15.834999999999999,15.918999999999999,15.879999999999999,15.867999999999999,15.894999999999998,15.799999999999999,15.831999999999999,15.925999999999998,15.964999999999998,15.774,15.829999999999998,15.862999999999998,15.889,15.886,15.890999999999998,15.860999999999999,15.908999999999999,15.890999999999998,15.919999999999998
12.429,7.589,4.099,0.429,15.129,7.589,7.589,7.589,7.589,7.589,7.589,7.589,7.589,7.589,4.606,4.61,4.59,4.598,4.591,4.595000000000001,4.581,4.631,4.658,4.647,4.656000000000001,4.5920000000000005,4.651,4.605,4.671,4.621,4.783,4.656000000000001,4.58,4.619,4.589,4.681,4.779,4.665,4.622,4.644,4.651,4.7,4.612,4.61,4.534,4.588,4.571,4.58,4.546,4.595000000000001,4.651,4.597,4.644,4.744,4.656000000000001,4.694,4.658,4.663,4.559,4.627000000000001,4.652,4.662,4.673,10.161,19.84,8.88,8.246,8.245,9.201,8.889,8.88,0.0,7.28,22.272,7.927,15.83,15.769,15.812999999999999,15.802999999999999,15.724,15.776,15.741999999999999,15.808,15.793,15.825999999999999,15.809,15.751,15.811,15.753,15.837,15.798,15.786,15.812999999999999,15.718,15.75,15.844,15.883,15.692,15.748,15.780999999999999,15.807,15.804,15.809,15.779,15.827,15.809,15.838
12.525,7.6850000000000005,4.195,0.525,15.225,7.6850000000000005,7.6850000000000005,7.6850000000000005,7.6850000000000005,7.6850000000000005,7.6850000000000005,7.6850000000000005,7.6850000000000005,7.6850000000000005,4.702,4.706,4.686,4.694,4.687,4.691000000000001,4.6770000000000005,4.727,4.7540000000000004,4.743,4.752000000000001,4.688000000000001,4.747,4.7010000000000005,4.767,4.7170000000000005,4.8790000000000004,4.752000000000001,4.676,4.715,4.6850000000000005,4.777,4.875,4.761,4.718,4.74,4.747,4.796,4.708,4.706,4.63,4.684,4.667,4.676,4.642,4.691000000000001,4.747,4.6930000000000005,4.74,4.84,4.752000000000001,4.79,4.7540000000000004,4.759,4.655,4.723000000000001,4.748,4.758,4.769,46.957,21.214,9.199,7.6,6.647,9.519,6.013,6.961,7.28,0.0,7.6,7.926,15.926,15.865,15.908999999999999,15.899,15.82,15.872,15.838,15.904,15.889,15.921999999999999,15.905,15.847,15.907,15.849,15.933,15.894,15.882,15.908999999999999,15.814,15.846,15.94,15.979,15.788,15.844,15.876999999999999,15.903,15.9,15.905,15.875,15.923,15.905,15.934
12.544,7.704000000000001,4.214,0.544,15.244,7.704000000000001,7.704000000000001,7.704000000000001,7.704000000000001,7.704000000000001,7.704000000000001,7.704000000000001,7.704000000000001,7.704000000000001,4.721,4.7250000000000005,4.705,4.713,4.706,4.710000000000001,4.696000000000001,4.746,4.773000000000001,4.7620000000000005,4.771000000000001,4.707000000000001,4.766,4.720000000000001,4.7860000000000005,4.736000000000001,4.898000000000001,4.771000000000001,4.695,4.734,4.704000000000001,4.796,4.894,4.78,4.737,4.759,4.766,4.815,4.727,4.7250000000000005,4.649,4.703,4.686,4.695,4.6610000000000005,4.710000000000001,4.766,4.712000000000001,4.759,4.859,4.771000000000001,4.809,4.773000000000001,4.7780000000000005,4.674,4.742000000000001,4.767,4.777,4.788,6.96,38.574,8.239,6.326,6.966,8.56,12.212,9.652,22.272,7.6,0.0,7.238,15.945,15.884,15.927999999999999,15.918,15.839,15.891,15.857,15.923,15.908,15.940999999999999,15.924,15.866,15.926,15.868,15.952,15.913,15.901,15.927999999999999,15.833,15.865,15.959,15.998,15.807,15.863,15.895999999999999,15.922,15.919,15.924,15.894,15.942,15.924,15.953
12.505,7.665,4.175,0.505,15.205,7.665,7.665,7.665,7.665,7.665,7.665,7.665,7.665,7.665,4.6819999999999995,4.686,4.6659999999999995,4.6739999999999995,4.667,4.670999999999999,4.657,4.707,4.734,4.723,4.732,4.668,4.727,4.681,4.747,4.697,4.859,4.732,4.656,4.695,4.665,4.757,4.8549999999999995,4.741,4.6979999999999995,4.72,4.727,4.776,4.688,4.686,4.609999999999999,4.664,4.647,4.656,4.622,4.670999999999999,4.727,4.673,4.72,4.82,4.732,4.77,4.734,4.739,4.635,4.702999999999999,4.728,4.7379999999999995,4.749,35.549,9.283,9.261,6.967,6.646,7.927,8.06,8.247,7.927,7.926,7.238,0.0,15.906,15.845,15.889,15.879,15.8,15.852,15.818,15.884,15.869,15.902,15.885,15.827,15.887,15.829,15.913,15.874,15.862,15.889,15.794,15.826,15.92,15.959,15.768,15.824,15.857,15.883000000000001,15.88,15.885,15.855,15.903,15.885,15.914
13.301,18.201,14.601,15.401,0.701,18.201,18.201,18.201,18.201,18.201,18.201,18.201,18.201,18.201,15.108,15.112,15.092,15.100000000000001,15.093,15.097000000000001,15.083,15.133000000000001,15.16,15.149000000000001,15.158000000000001,15.094000000000001,15.153,15.107000000000001,15.173,15.123000000000001,15.285,15.158000000000001,15.082,15.121,15.091000000000001,15.183000000000002,15.281,15.167000000000002,15.124,15.146,15.153,15.202000000000002,15.114,15.112,15.036000000000001,15.090000000000002,15.073,15.082,15.048,15.097000000000001,15.153,15.099,15.146,15.246,15.158000000000001,15.196000000000002,15.16,15.165000000000001,15.061000000000002,15.129000000000001,15.154000000000002,15.164000000000001,15.175,15.938,15.927999999999999,16.002,15.916,15.939,15.958,15.918,15.911999999999999,15.83,15.926,15.945,15.906,0.0,8.119,72.062,32.962,32.199,25.805,22.265,16.369,13.962,15.171,16.186,18.432,6.642,72.511,48.538,19.52,73.707,52.312,10.88,41.611,7.6,56.246,27.443,9.333,8.881,51.411,9.841,35.011,19.065,36.684,64.571,29.247
13.24,18.14,14.540000000000001,15.34,0.64,18.14,18.14,18.14,18.14,18.14,18.14,18.14,18.14,18.14,15.047,15.051,15.031,15.039000000000001,15.032,15.036000000000001,15.022,15.072000000000001,15.099,15.088000000000001,15.097000000000001,15.033000000000001,15.092,15.046000000000001,15.112,15.062000000000001,15.224,15.097000000000001,15.021,15.06,15.030000000000001,15.122000000000002,15.22,15.106000000000002,15.063,15.085,15.092,15.141000000000002,15.053,15.051,14.975000000000001,15.029000000000002,15.012,15.021,14.987,15.036000000000001,15.092,15.038,15.085,15.185,15.097000000000001,15.135000000000002,15.099,15.104000000000001,15.000000000000002,15.068000000000001,15.093000000000002,15.103000000000002,15.114,15.877,15.866999999999999,15.940999999999999,15.855,15.878,15.897,15.857,15.850999999999999,15.769,15.865,15.884,15.845,8.119,0.0,39.6,38.943,6.801,48.494,100.742,9.133,7.715,30.98,13.026,10.661,8.561,7.282,41.178,38.604,8.88,10.253,8.059,23.268,13.104,57.264,50.739,41.117,15.476,8.379,44.846,25.28,45.783,39.031,25.868,23.554
13.283999999999999,18.184,14.584,15.383999999999999,0.684,18.184,18.184,18.184,18.184,18.184,18.184,18.184,18.184,18.184,15.091,15.094999999999999,15.075,15.083,15.076,15.08,15.065999999999999,15.116,15.142999999999999,15.132,15.141,15.077,15.136,15.09,15.155999999999999,15.106,15.267999999999999,15.141,15.065,15.104,15.074,15.166,15.264,15.15,15.107,15.129,15.136,15.184999999999999,15.097,15.094999999999999,15.019,15.073,15.056,15.065,15.030999999999999,15.08,15.136,15.081999999999999,15.129,15.229,15.141,15.179,15.142999999999999,15.148,15.044,15.112,15.137,15.147,15.158,15.921,15.910999999999998,15.985,15.899,15.921999999999999,15.940999999999999,15.900999999999998,15.894999999999998,15.812999999999999,15.908999999999999,15.927999999999999,15.889,72.062,39.6,0.0,52.411,7.601,26.92,10.255,7.28,9.762,51.477,12.218,16.446,17.287,18.426,9.979,12.309,13.437,7.937,24.342,21.121,28.936,13.204,12.219,16.843,8.879,6.959,21.438,6.969,38.549,8.701,7.92,9.196
13.274,18.174,14.574,15.373999999999999,0.674,18.174,18.174,18.174,18.174,18.174,18.174,18.174,18.174,18.174,15.081,15.084999999999999,15.065,15.073,15.065999999999999,15.07,15.056,15.106,15.133,15.122,15.131,15.067,15.126,15.08,15.145999999999999,15.096,15.258,15.131,15.055,15.094,15.064,15.156,15.254,15.14,15.097,15.119,15.126,15.175,15.087,15.084999999999999,15.009,15.063,15.046,15.055,15.020999999999999,15.07,15.126,15.072,15.119,15.219,15.131,15.169,15.133,15.138,15.034,15.102,15.127,15.137,15.148,15.911,15.900999999999998,15.974999999999998,15.889,15.911999999999999,15.931,15.890999999999998,15.884999999999998,15.802999999999999,15.899,15.918,15.879,32.962,38.943,52.411,0.0,7.6,24.316,20.987,38.72,29.869,9.027,31.044,6.646,28.427,7.602,10.161,21.713,6.971,21.542,12.737,8.241,18.364,8.585,10.941,9.84,26.242,9.333,9.205,7.6,9.441,6.966,6.646,24.276
13.195,18.095,14.495000000000001,15.295,0.595,18.095,18.095,18.095,18.095,18.095,18.095,18.095,18.095,18.095,15.002,15.006,14.986,14.994000000000002,14.987000000000002,14.991000000000001,14.977,15.027000000000001,15.054,15.043000000000001,15.052000000000001,14.988000000000001,15.047,15.001000000000001,15.067,15.017000000000001,15.179,15.052000000000001,14.976,15.015,14.985000000000001,15.077000000000002,15.175,15.061000000000002,15.018,15.040000000000001,15.047,15.096,15.008000000000001,15.006,14.930000000000001,14.984000000000002,14.967,14.976,14.942,14.991000000000001,15.047,14.993,15.040000000000001,15.14,15.052000000000001,15.090000000000002,15.054,15.059000000000001,14.955000000000002,15.023000000000001,15.048000000000002,15.058000000000002,15.069,15.832,15.822,15.896,15.81,15.833,15.852,15.812,15.806,15.724,15.82,15.839,15.8,32.199,6.801,7.601,7.6,0.0,6.645,15.343,16.981,6.966,19.554,6.325,8.239,12.532,8.559,8.239,9.972,9.199,9.52,20.525,8.559,10.776,9.199,7.605,9.849,9.199,9.273,9.199,23.751,8.657,8.559,8.879,10.667
13.247,18.147,14.547,15.347,0.647,18.147,18.147,18.147,18.147,18.147,18.147,18.147,18.147,18.147,15.054,15.058,15.038,15.046000000000001,15.039000000000001,15.043000000000001,15.029,15.079,15.106,15.095,15.104000000000001,15.040000000000001,15.099,15.053,15.119,15.069,15.231,15.104000000000001,15.028,15.067,15.037,15.129000000000001,15.227,15.113000000000001,15.07,15.092,15.099,15.148,15.06,15.058,14.982000000000001,15.036000000000001,15.019,15.028,14.994,15.043000000000001,15.099,15.045,15.092,15.192,15.104000000000001,15.142000000000001,15.106,15.111,15.007000000000001,15.075000000000001,15.100000000000001,15.110000000000001,15.121,15.884,15.873999999999999,15.948,15.862,15.885,15.904,15.863999999999999,15.857999999999999,15.776,15.872,15.891,15.852,25.805,48.494,26.92,24.316,6.645,0.0,13.734,9.979,11.254,7.615,6.326,8.239,11.079,6.642,7.921,21.586,8.57,11.253,8.561,9.521,9.201,16.505,7.873,33.549,9.52,6.646,6.96,9.2,13.493,8.879,6.647,7.732
13.213,18.113,14.513,15.312999999999999,0.613,18.113,18.113,18.113,18.113,18.113,18.113,18.113,18.113,18.113,15.02,15.024,15.004,15.012,15.004999999999999,15.009,14.995,15.045,15.072,15.061,15.07,15.006,15.065,15.019,15.084999999999999,15.035,15.197,15.07,14.994,15.033,15.003,15.095,15.193,15.079,15.036,15.058,15.065,15.114,15.026,15.024,14.948,15.002,14.985,14.994,14.959999999999999,15.009,15.065,15.011,15.058,15.158,15.07,15.108,15.072,15.077,14.973,15.041,15.066,15.076,15.087,15.85,15.839999999999998,15.913999999999998,15.828,15.850999999999999,15.87,15.829999999999998,15.823999999999998,15.741999999999999,15.838,15.857,15.818,22.265,100.742,10.255,20.987,15.343,13.734,0.0,7.285,7.736,7.279,7.288,7.606,8.634,7.602,8.562,15.866,9.199,6.326,8.239,8.24,12.213,7.599,8.239,8.879,11.193,18.903,8.879,10.98,20.32,16.602,8.879,8.245
13.279,18.179,14.579,15.379,0.679,18.179,18.179,18.179,18.179,18.179,18.179,18.179,18.179,18.179,15.086,15.09,15.07,15.078000000000001,15.071000000000002,15.075000000000001,15.061,15.111,15.138,15.127,15.136000000000001,15.072000000000001,15.131,15.085,15.151,15.101,15.263,15.136000000000001,15.06,15.099,15.069,15.161000000000001,15.259,15.145000000000001,15.102,15.124,15.131,15.18,15.092,15.09,15.014000000000001,15.068000000000001,15.051,15.06,15.026,15.075000000000001,15.131,15.077,15.124,15.224,15.136000000000001,15.174000000000001,15.138,15.143,15.039000000000001,15.107000000000001,15.132000000000001,15.142000000000001,15.153,15.916,15.905999999999999,15.98,15.894,15.917,15.936,15.895999999999999,15.889999999999999,15.808,15.904,15.923,15.884,16.369,9.133,7.28,38.72,16.981,9.979,7.285,0.0,8.881,8.24,7.601,6.966,7.542,10.481,10.293,7.921,8.56,6.977,8.068,9.201,21.96,7.6,7.919,9.84,10.694,14.524,6.975,14.43,10.987,7.925,6.966,8.561
13.264,18.164,14.564,15.363999999999999,0.664,18.164,18.164,18.164,18.164,18.164,18.164,18.164,18.164,18.164,15.071,15.075,15.055,15.063,15.056000000000001,15.06,15.046,15.096,15.123,15.112,15.121,15.057,15.116,15.07,15.136,15.086,15.248,15.121,15.045,15.084,15.054,15.146,15.244,15.13,15.087,15.109,15.116,15.165,15.077,15.075,14.999,15.053,15.036,15.045,15.011,15.06,15.116,15.062,15.109,15.209,15.121,15.159,15.123,15.128,15.024000000000001,15.092,15.117,15.127,15.138,15.901,15.890999999999998,15.965,15.879,15.902,15.921,15.880999999999998,15.874999999999998,15.793,15.889,15.908,15.869,13.962,7.715,9.762,29.869,6.966,11.254,7.736,8.881,0.0,6.965,8.56,8.24,9.654,8.241,7.607,9.178,10.394,7.438,9.979,9.201,20.986,7.28,7.919,33.459,7.296,12.714,8.246,15.093,8.56,8.88,8.245,7.925
13.296999999999999,18.197,14.597,15.396999999999998,0.697,18.197,18.197,18.197,18.197,18.197,18.197,18.197,18.197,18.197,15.104,15.107999999999999,15.088,15.096,15.088999999999999,15.093,15.078999999999999,15.129,15.155999999999999,15.145,15.154,15.09,15.149,15.103,15.168999999999999,15.119,15.280999999999999,15.154,15.078,15.116999999999999,15.087,15.179,15.277,15.163,15.12,15.142,15.149,15.198,15.11,15.107999999999999,15.032,15.086,15.068999999999999,15.078,15.043999999999999,15.093,15.149,15.094999999999999,15.142,15.241999999999999,15.154,15.192,15.155999999999999,15.161,15.057,15.125,15.15,15.16,15.171,15.934,15.923999999999998,15.997999999999998,15.911999999999999,15.934999999999999,15.953999999999999,15.913999999999998,15.907999999999998,15.825999999999999,15.921999999999999,15.940999999999999,15.902,15.171,30.98,51.477,9.027,19.554,7.615,7.279,8.24,6.965,0.0,7.279,9.519,11.149,9.52,7.926,19.066,7.607,11.894,11.572,7.6,20.665,10.932,8.34,6.679,8.245,8.24,6.966,44.404,9.848,7.288,8.88,9.199
13.28,18.18,14.58,15.379999999999999,0.68,18.18,18.18,18.18,18.18,18.18,18.18,18.18,18.18,18.18,15.087,15.091,15.071,15.079,15.072,15.076,15.062,15.112,15.139,15.128,15.137,15.073,15.132,15.086,15.152,15.102,15.264,15.137,15.061,15.1,15.07,15.162,15.26,15.146,15.103,15.125,15.132,15.181000000000001,15.093,15.091,15.015,15.069,15.052,15.061,15.027,15.076,15.132,15.078,15.125,15.225,15.137,15.175,15.139,15.144,15.040000000000001,15.108,15.133000000000001,15.143,15.154,15.917,15.906999999999998,15.980999999999998,15.895,15.918,15.937,15.896999999999998,15.890999999999998,15.809,15.905,15.924,15.885,16.186,13.026,12.218,31.044,6.325,6.326,7.288,7.601,8.56,7.279,0.0,29.035,7.28,6.647,7.61,11.907,7.601,8.098,9.972,15.407,9.84,7.92,8.56,8.683,7.6,14.749,7.29,8.24,7.606,10.16,9.2,8.559
13.222,18.122,14.522,15.322,0.622,18.122,18.122,18.122,18.122,18.122,18.122,18.122,18.122,18.122,15.029,15.033,15.013,15.021,15.014,15.018,15.004,15.054,15.081,15.07,15.079,15.015,15.074,15.028,15.094,15.044,15.206,15.079,15.003,15.042,15.012,15.104000000000001,15.202,15.088000000000001,15.045,15.067,15.074,15.123000000000001,15.035,15.033,14.957,15.011000000000001,14.994,15.003,14.969,15.018,15.074,15.02,15.067,15.167,15.079,15.117,15.081,15.086,14.982000000000001,15.05,15.075000000000001,15.085,15.096,15.859,15.848999999999998,15.922999999999998,15.837,15.86,15.879,15.838999999999999,15.832999999999998,15.751,15.847,15.866,15.827,18.432,10.661,16.446,6.646,8.239,8.239,7.606,6.966,8.24,9.519,29.035,0.0,13.822,6.013,7.921,7.287,8.562,6.326,16.826,9.841,9.848,7.6,9.199,17.053,10.933,8.694,9.2,12.088,8.24,9.84,7.919,7.919
13.282,18.182,14.582,15.382,0.682,18.182,18.182,18.182,18.182,18.182,18.182,18.182,18.182,18.182,15.089,15.093,15.073,15.081000000000001,15.074000000000002,15.078000000000001,15.064,15.114,15.141,15.13,15.139000000000001,15.075000000000001,15.134,15.088000000000001,15.154,15.104000000000001,15.266,15.139000000000001,15.063,15.102,15.072000000000001,15.164000000000001,15.262,15.148000000000001,15.105,15.127,15.134,15.183,15.095,15.093,15.017000000000001,15.071000000000002,15.054,15.063,15.029,15.078000000000001,15.134,15.08,15.127,15.227,15.139000000000001,15.177000000000001,15.141,15.146,15.042000000000002,15.110000000000001,15.135000000000002,15.145000000000001,15.156,15.919,15.908999999999999,15.983,15.897,15.92,15.939,15.899,15.892999999999999,15.811,15.907,15.926,15.887,6.642,8.561,17.287,28.427,12.532,11.079,8.634,7.542,9.654,11.149,7.28,13.822,0.0,6.961,7.921,7.288,9.201,7.281,7.69,9.2,8.24,9.201,6.326,20.993,8.561,15.057,8.88,18.287,9.201,9.52,9.2,8.249
13.224,18.124,14.524000000000001,15.324,0.624,18.124,18.124,18.124,18.124,18.124,18.124,18.124,18.124,18.124,15.031,15.035,15.015,15.023000000000001,15.016000000000002,15.020000000000001,15.006,15.056000000000001,15.083,15.072000000000001,15.081000000000001,15.017000000000001,15.076,15.030000000000001,15.096,15.046000000000001,15.208,15.081000000000001,15.005,15.044,15.014000000000001,15.106000000000002,15.204,15.090000000000002,15.047,15.069,15.076,15.125,15.037,15.035,14.959000000000001,15.013000000000002,14.996,15.005,14.971,15.020000000000001,15.076,15.022,15.069,15.169,15.081000000000001,15.119000000000002,15.083,15.088000000000001,14.984000000000002,15.052000000000001,15.077000000000002,15.087000000000002,15.098,15.861,15.850999999999999,15.925,15.839,15.862,15.881,15.841,15.834999999999999,15.753,15.849,15.868,15.829,72.511,7.282,18.426,7.602,8.559,6.642,7.602,10.481,8.241,9.52,6.647,6.013,6.961,0.0,8.561,6.012,8.559,9.199,10.879,9.839,9.84,7.28,9.714,19.161,7.279,8.838,9.2,13.813,7.287,7.28,8.245,10.159
13.308,18.208,14.608,15.408,0.708,18.208,18.208,18.208,18.208,18.208,18.208,18.208,18.208,18.208,15.115,15.119,15.099,15.107000000000001,15.100000000000001,15.104000000000001,15.09,15.14,15.167,15.156,15.165000000000001,15.101,15.16,15.114,15.18,15.13,15.292,15.165000000000001,15.089,15.128,15.098,15.190000000000001,15.288,15.174000000000001,15.131,15.153,15.16,15.209,15.121,15.119,15.043000000000001,15.097000000000001,15.08,15.089,15.055,15.104000000000001,15.16,15.106,15.153,15.253,15.165000000000001,15.203000000000001,15.167,15.172,15.068000000000001,15.136000000000001,15.161000000000001,15.171000000000001,15.182,15.945,15.934999999999999,16.009,15.923,15.946,15.965,15.924999999999999,15.918999999999999,15.837,15.933,15.952,15.913,48.538,41.178,9.979,10.161,8.239,7.921,8.562,10.293,7.607,7.926,7.61,7.921,7.921,8.561,0.0,7.287,7.287,11.032,9.983,9.84,9.52,24.186,7.921,8.559,8.419,33.224,9.2,8.559,8.838,12.316,7.926,8.56
13.269,18.169,14.569,15.369,0.669,18.169,18.169,18.169,18.169,18.169,18.169,18.169,18.169,18.169,15.076,15.08,15.06,15.068000000000001,15.061,15.065000000000001,15.051,15.101,15.128,15.117,15.126000000000001,15.062000000000001,15.121,15.075000000000001,15.141,15.091000000000001,15.253,15.126000000000001,15.05,15.089,15.059000000000001,15.151000000000002,15.249,15.135000000000002,15.092,15.114,15.121,15.170000000000002,15.082,15.08,15.004000000000001,15.058000000000002,15.041,15.05,15.016,15.065000000000001,15.121,15.067,15.114,15.214,15.126000000000001,15.164000000000001,15.128,15.133000000000001,15.029000000000002,15.097000000000001,15.122000000000002,15.132000000000001,15.143,15.906,15.895999999999999,15.969999999999999,15.884,15.907,15.926,15.886,15.879999999999999,15.798,15.894,15.913,15.874,19.52,38.604,12.309,21.713,9.972,21.586,15.866,7.921,9.178,19.066,11.907,7.287,7.288,6.012,7.287,0.0,12.438,9.581,9.84,8.88,9.2,8.241,8.88,13.173,6.327,8.24,10.48,12.859,6.96,10.169,7.285,6.639
13.257,18.157,14.557,15.357,0.657,18.157,18.157,18.157,18.157,18.157,18.157,18.157,18.157,18.157,15.064,15.068,15.048,15.056000000000001,15.049,15.053,15.039,15.089,15.116,15.105,15.114,15.05,15.109,15.063,15.129,15.079,15.241,15.114,15.038,15.077,15.047,15.139000000000001,15.237,15.123000000000001,15.08,15.102,15.109,15.158000000000001,15.07,15.068,14.992,15.046000000000001,15.029,15.038,15.004,15.053,15.109,15.055,15.102,15.202,15.114,15.152000000000001,15.116,15.121,15.017000000000001,15.085,15.110000000000001,15.120000000000001,15.131,15.894,15.883999999999999,15.957999999999998,15.872,15.895,15.914,15.873999999999999,15.867999999999999,15.786,15.882,15.901,15.862,73.707,8.88,13.437,6.971,9.199,8.57,9.199,8.56,10.394,7.607,7.601,8.562,9.201,8.559,7.287,12.438,0.0,13.947,23.865,8.88,8.56,6.647,8.881,6.966,8.56,6.326,9.521,9.84,9.2,8.239,6.959,8.239
13.283999999999999,18.184,14.584,15.383999999999999,0.684,18.184,18.184,18.184,18.184,18.184,18.184,18.184,18.184,18.184,15.091,15.094999999999999,15.075,15.083,15.076,15.08,15.065999999999999,15.116,15.142999999999999,15.132,15.141,15.077,15.136,15.09,15.155999999999999,15.106,15.267999999999999,15.141,15.065,15.104,15.074,15.166,15.264,15.15,15.107,15.129,15.136,15.184999999999999,15.097,15.094999999999999,15.019,15.073,15.056,15.065,15.030999999999999,15.08,15.136,15.081999999999999,15.129,15.229,15.141,15.179,15.142999999999999,15.148,15.044,15.112,15.137,15.147,15.158,15.921,15.910999999999998,15.985,15.899,15.921999999999999,15.940999999999999,15.900999999999998,15.894999999999998,15.812999999999999,15.908999999999999,15.927999999999999,15.889,52.312,10.253,7.937,21.542,9.52,11.253,6.326,6.977,7.438,11.894,8.098,6.326,7.281,9.199,11.032,9.581,13.947,0.0,17.839,10.161,8.559,7.285,8.245,7.289,9.527,12.218,7.599,9.2,8.559,7.605,6.959,9.2
13.189,18.089,14.489,15.289,0.589,18.089,18.089,18.089,18.089,18.089,18.089,18.089,18.089,18.089,14.996,15.0,14.98,14.988000000000001,14.981000000000002,14.985000000000001,14.971,15.021,15.048,15.037,15.046000000000001,14.982000000000001,15.041,14.995000000000001,15.061,15.011000000000001,15.173,15.046000000000001,14.97,15.009,14.979000000000001,15.071000000000002,15.169,15.055000000000001,15.012,15.034,15.041,15.09,15.002,15.0,14.924000000000001,14.978000000000002,14.961,14.97,14.936,14.985000000000001,15.041,14.987,15.034,15.134,15.046000000000001,15.084000000000001,15.048,15.053,14.949000000000002,15.017000000000001,15.042000000000002,15.052000000000001,15.063,15.826,15.815999999999999,15.89,15.804,15.827,15.846,15.806,15.799999999999999,15.718,15.814,15.833,15.794,10.88,8.059,24.342,12.737,20.525,8.561,8.239,8.068,9.979,11.572,9.972,16.826,7.69,10.879,9.983,9.84,23.865,17.839,0.0,9.2,27.575,8.24,11.626,7.92,8.56,8.24,7.606,11.94,9.521,10.528,8.56,10.479
13.221,18.121,14.521,15.321,0.621,18.121,18.121,18.121,18.121,18.121,18.121,18.121,18.121,18.121,15.028,15.032,15.012,15.020000000000001,15.013000000000002,15.017000000000001,15.003,15.053,15.08,15.069,15.078000000000001,15.014000000000001,15.073,15.027000000000001,15.093,15.043000000000001,15.205,15.078000000000001,15.002,15.041,15.011000000000001,15.103000000000002,15.201,15.087000000000002,15.044,15.066,15.073,15.122,15.034,15.032,14.956000000000001,15.010000000000002,14.993,15.002,14.968,15.017000000000001,15.073,15.019,15.066,15.166,15.078000000000001,15.116000000000001,15.08,15.085,14.981000000000002,15.049000000000001,15.074000000000002,15.084000000000001,15.095,15.858,15.847999999999999,15.922,15.836,15.859,15.878,15.838,15.831999999999999,15.75,15.846,15.865,15.826,41.611,23.268,21.121,8.241,8.559,9.521,8.24,9.201,9.201,7.6,15.407,9.841,9.2,9.839,9.84,8.88,8.88,10.161,9.2,0.0,8.239,9.706,6.325,9.52,8.239,7.92,6.96,9.84,6.325,7.28,7.28,9.84
13.315,18.215,14.615,15.415,0.715,18.215,18.215,18.215,18.215,18.215,18.215,18.215,18.215,18.215,15.122,15.126,15.106,15.114,15.107,15.111,15.097,15.147,15.174,15.163,15.172,15.108,15.167,15.121,15.187,15.137,15.299,15.172,15.096,15.135,15.105,15.197000000000001,15.295,15.181000000000001,15.138,15.16,15.167,15.216000000000001,15.128,15.126,15.05,15.104000000000001,15.087,15.096,15.062,15.111,15.167,15.113,15.16,15.26,15.172,15.21,15.174,15.179,15.075000000000001,15.143,15.168000000000001,15.178,15.189,15.952,15.941999999999998,16.016,15.93,15.953,15.972,15.931999999999999,15.925999999999998,15.844,15.94,15.959,15.92,7.6,13.104,28.936,18.364,10.776,9.201,12.213,21.96,20.986,20.665,9.84,9.848,8.24,9.84,9.52,9.2,8.56,8.559,27.575,8.239,0.0,58.812,7.92,8.56,8.56,10.48,8.887,9.84,7.601,9.841,15.486,9.199
13.354,18.254,14.654,15.453999999999999,0.754,18.254,18.254,18.254,18.254,18.254,18.254,18.254,18.254,18.254,15.161,15.165,15.145,15.153,15.146,15.15,15.136,15.186,15.213,15.202,15.211,15.147,15.206,15.16,15.225999999999999,15.176,15.338,15.211,15.135,15.174,15.144,15.236,15.334,15.22,15.177,15.199,15.206,15.254999999999999,15.167,15.165,15.089,15.143,15.126,15.135,15.100999999999999,15.15,15.206,15.152,15.199,15.299,15.211,15.249,15.213,15.218,15.114,15.182,15.207,15.217,15.228,15.991,15.980999999999998,16.055,15.969,15.991999999999999,16.011,15.970999999999998,15.964999999999998,15.883,15.979,15.998,15.959,56.246,57.264,13.204,8.585,9.199,16.505,7.599,7.6,7.28,10.932,7.92,7.6,9.201,7.28,24.186,8.241,6.647,7.285,8.24,9.706,58.812,0.0,8.56,6.961,10.732,8.567,9.334,20.876,9.52,36.509,8.241,27.319
13.163,18.063,14.463000000000001,15.263,0.563,18.063,18.063,18.063,18.063,18.063,18.063,18.063,18.063,18.063,14.97,14.974,14.954,14.962000000000002,14.955000000000002,14.959000000000001,14.945,14.995000000000001,15.022,15.011000000000001,15.020000000000001,14.956000000000001,15.015,14.969000000000001,15.035,14.985000000000001,15.147,15.020000000000001,14.944,14.983,14.953000000000001,15.045000000000002,15.143,15.029000000000002,14.986,15.008000000000001,15.015,15.064,14.976,14.974,14.898000000000001,14.952000000000002,14.935,14.944,14.91,14.959000000000001,15.015,14.961,15.008000000000001,15.108,15.020000000000001,15.058000000000002,15.022,15.027000000000001,14.923000000000002,14.991000000000001,15.016000000000002,15.026000000000002,15.037,15.8,15.79,15.864,15.778,15.801,15.82,15.78,15.774,15.692,15.788,15.807,15.768,27.443,50.739,12.219,10.941,7.605,7.873,8.239,7.919,7.919,8.34,8.56,9.199,6.326,9.714,7.921,8.88,8.881,8.245,11.626,6.325,7.92,8.56,0.0,6.647,44.476,8.247,9.53,7.607,16.64,11.528,8.88,31.092
13.219,18.119,14.519,15.318999999999999,0.619,18.119,18.119,18.119,18.119,18.119,18.119,18.119,18.119,18.119,15.026,15.03,15.01,15.018,15.011,15.015,15.001,15.051,15.078,15.067,15.076,15.012,15.071,15.025,15.091,15.041,15.203,15.076,15.0,15.039,15.009,15.101,15.199,15.085,15.042,15.064,15.071,15.120000000000001,15.032,15.03,14.954,15.008000000000001,14.991,15.0,14.966,15.015,15.071,15.017,15.064,15.164,15.076,15.114,15.078,15.083,14.979000000000001,15.047,15.072000000000001,15.082,15.093,15.856,15.845999999999998,15.919999999999998,15.834,15.857,15.876,15.835999999999999,15.829999999999998,15.748,15.844,15.863,15.824,9.333,41.117,16.843,9.84,9.849,33.549,8.879,9.84,33.459,6.679,8.683,17.053,20.993,19.161,8.559,13.173,6.966,7.289,7.92,9.52,8.56,6.961,6.647,0.0,9.841,9.519,9.839,18.455,7.607,8.134,7.921,14.931
13.251999999999999,18.152,14.552,15.351999999999999,0.652,18.152,18.152,18.152,18.152,18.152,18.152,18.152,18.152,18.152,15.059,15.062999999999999,15.043,15.051,15.044,15.048,15.033999999999999,15.084,15.110999999999999,15.1,15.109,15.045,15.104,15.058,15.123999999999999,15.074,15.235999999999999,15.109,15.033,15.072,15.042,15.134,15.232,15.118,15.075,15.097,15.104,15.152999999999999,15.065,15.062999999999999,14.987,15.041,15.024,15.033,14.998999999999999,15.048,15.104,15.049999999999999,15.097,15.197,15.109,15.147,15.110999999999999,15.116,15.012,15.08,15.105,15.115,15.126,15.889,15.878999999999998,15.953,15.866999999999999,15.889999999999999,15.908999999999999,15.868999999999998,15.862999999999998,15.780999999999999,15.876999999999999,15.895999999999999,15.857,8.881,15.476,8.879,26.242,9.199,9.52,11.193,10.694,7.296,8.245,7.6,10.933,8.561,7.279,8.419,6.327,8.56,9.527,8.56,8.239,8.56,10.732,44.476,9.841,0.0,9.841,11.254,8.68,7.28,14.865,6.326,9.287
13.278,18.178,14.578000000000001,15.378,0.678,18.178,18.178,18.178,18.178,18.178,18.178,18.178,18.178,18.178,15.085,15.089,15.069,15.077000000000002,15.07,15.074000000000002,15.06,15.110000000000001,15.137,15.126000000000001,15.135000000000002,15.071000000000002,15.13,15.084000000000001,15.15,15.100000000000001,15.262,15.135000000000002,15.059000000000001,15.098,15.068000000000001,15.160000000000002,15.258000000000001,15.144000000000002,15.101,15.123000000000001,15.13,15.179000000000002,15.091000000000001,15.089,15.013000000000002,15.067000000000002,15.05,15.059000000000001,15.025,15.074000000000002,15.13,15.076,15.123000000000001,15.223,15.135000000000002,15.173000000000002,15.137,15.142000000000001,15.038000000000002,15.106000000000002,15.131000000000002,15.141000000000002,15.152000000000001,15.915000000000001,15.905,15.979,15.893,15.916,15.935,15.895,15.889,15.807,15.903,15.922,15.883000000000001,51.411,8.379,6.959,9.333,9.273,6.646,18.903,14.524,12.714,8.24,14.749,8.694,15.057,8.838,33.224,8.24,6.326,12.218,8.24,7.92,10.48,8.567,8.247,9.519,9.841,0.0,11.253,13.674,9.199,7.921,7.281,21.551
13.275,18.175,14.575000000000001,15.375,0.675,18.175,18.175,18.175,18.175,18.175,18.175,18.175,18.175,18.175,15.082,15.086,15.066,15.074000000000002,15.067,15.071000000000002,15.057,15.107000000000001,15.134,15.123000000000001,15.132000000000001,15.068000000000001,15.127,15.081000000000001,15.147,15.097000000000001,15.259,15.132000000000001,15.056000000000001,15.095,15.065000000000001,15.157000000000002,15.255,15.141000000000002,15.098,15.120000000000001,15.127,15.176000000000002,15.088000000000001,15.086,15.010000000000002,15.064000000000002,15.047,15.056000000000001,15.022,15.071000000000002,15.127,15.073,15.120000000000001,15.22,15.132000000000001,15.170000000000002,15.134,15.139000000000001,15.035000000000002,15.103000000000002,15.128000000000002,15.138000000000002,15.149000000000001,15.912,15.902,15.975999999999999,15.89,15.913,15.932,15.892,15.886,15.804,15.9,15.919,15.88,9.841,44.846,21.438,9.205,9.199,6.96,8.879,6.975,8.246,6.966,7.29,9.2,8.88,9.2,9.2,10.48,9.521,7.599,7.606,6.96,8.887,9.334,9.53,9.839,11.254,11.253,0.0,11.33,9.521,8.242,6.647,13.878
13.28,18.18,14.58,15.379999999999999,0.68,18.18,18.18,18.18,18.18,18.18,18.18,18.18,18.18,18.18,15.087,15.091,15.071,15.079,15.072,15.076,15.062,15.112,15.139,15.128,15.137,15.073,15.132,15.086,15.152,15.102,15.264,15.137,15.061,15.1,15.07,15.162,15.26,15.146,15.103,15.125,15.132,15.181000000000001,15.093,15.091,15.015,15.069,15.052,15.061,15.027,15.076,15.132,15.078,15.125,15.225,15.137,15.175,15.139,15.144,15.040000000000001,15.108,15.133000000000001,15.143,15.154,15.917,15.906999999999998,15.980999999999998,15.895,15.918,15.937,15.896999999999998,15.890999999999998,15.809,15.905,15.924,15.885,35.011,25.28,6.969,7.6,23.751,9.2,10.98,14.43,15.093,44.404,8.24,12.088,18.287,13.813,8.559,12.859,9.84,9.2,11.94,9.84,9.84,20.876,7.607,18.455,8.68,13.674,11.33,0.0,8.249,9.201,9.201,7.287
13.25,18.15,14.55,15.35,0.65,18.15,18.15,18.15,18.15,18.15,18.15,18.15,18.15,18.15,15.057,15.061,15.041,15.049000000000001,15.042000000000002,15.046000000000001,15.032,15.082,15.109,15.098,15.107000000000001,15.043000000000001,15.102,15.056000000000001,15.122,15.072000000000001,15.234,15.107000000000001,15.031,15.07,15.040000000000001,15.132000000000001,15.23,15.116000000000001,15.073,15.095,15.102,15.151,15.063,15.061,14.985000000000001,15.039000000000001,15.022,15.031,14.997,15.046000000000001,15.102,15.048,15.095,15.195,15.107000000000001,15.145000000000001,15.109,15.114,15.010000000000002,15.078000000000001,15.103000000000002,15.113000000000001,15.124,15.887,15.876999999999999,15.951,15.865,15.888,15.907,15.866999999999999,15.860999999999999,15.779,15.875,15.894,15.855,19.065,45.783,38.549,9.441,8.657,13.493,20.32,10.987,8.56,9.848,7.606,8.24,9.201,7.287,8.838,6.96,9.2,8.559,9.521,6.325,7.601,9.52,16.64,7.607,7.28,9.199,9.521,8.249,0.0,8.881,8.247,6.325
13.298,18.198,14.598,15.398,0.698,18.198,18.198,18.198,18.198,18.198,18.198,18.198,18.198,18.198,15.105,15.109,15.089,15.097000000000001,15.09,15.094000000000001,15.08,15.13,15.157,15.146,15.155000000000001,15.091000000000001,15.15,15.104000000000001,15.17,15.120000000000001,15.282,15.155000000000001,15.079,15.118,15.088000000000001,15.180000000000001,15.278,15.164000000000001,15.121,15.143,15.15,15.199000000000002,15.111,15.109,15.033000000000001,15.087000000000002,15.07,15.079,15.045,15.094000000000001,15.15,15.096,15.143,15.243,15.155000000000001,15.193000000000001,15.157,15.162,15.058000000000002,15.126000000000001,15.151000000000002,15.161000000000001,15.172,15.935,15.924999999999999,15.998999999999999,15.913,15.936,15.955,15.915,15.908999999999999,15.827,15.923,15.942,15.903,36.684,39.031,8.701,6.966,8.559,8.879,16.602,7.925,8.88,7.288,10.16,9.84,9.52,7.28,12.316,10.169,8.239,7.605,10.528,7.28,9.841,36.509,11.528,8.134,14.865,7.921,8.242,9.201,8.881,0.0,7.599,6.326
13.28,18.18,14.58,15.379999999999999,0.68,18.18,18.18,18.18,18.18,18.18,18.18,18.18,18.18,18.18,15.087,15.091,15.071,15.079,15.072,15.076,15.062,15.112,15.139,15.128,15.137,15.073,15.132,15.086,15.152,15.102,15.264,15.137,15.061,15.1,15.07,15.162,15.26,15.146,15.103,15.125,15.132,15.181000000000001,15.093,15.091,15.015,15.069,15.052,15.061,15.027,15.076,15.132,15.078,15.125,15.225,15.137,15.175,15.139,15.144,15.040000000000001,15.108,15.133000000000001,15.143,15.154,15.917,15.906999999999998,15.980999999999998,15.895,15.918,15.937,15.896999999999998,15.890999999999998,15.809,15.905,15.924,15.885,64.571,25.868,7.92,6.646,8.879,6.647,8.879,6.966,8.245,8.88,9.2,7.919,9.2,8.245,7.926,7.285,6.959,6.959,8.56,7.28,15.486,8.241,8.88,7.921,6.326,7.281,6.647,9.201,8.247,7.599,0.0,8.24
13.309,18.209,14.609,15.408999999999999,0.709,18.209,18.209,18.209,18.209,18.209,18.209,18.209,18.209,18.209,15.116,15.12,15.1,15.108,15.100999999999999,15.105,15.091,15.141,15.168,15.157,15.166,15.102,15.161,15.115,15.181,15.131,15.293,15.166,15.09,15.129,15.099,15.191,15.289,15.175,15.132,15.154,15.161,15.21,15.122,15.12,15.044,15.098,15.081,15.09,15.056,15.105,15.161,15.107,15.154,15.254,15.166,15.204,15.168,15.173,15.069,15.137,15.162,15.172,15.183,15.946,15.935999999999998,16.009999999999998,15.924,15.947,15.966,15.925999999999998,15.919999999999998,15.838,15.934,15.953,15.914,29.247,23.554,9.196,24.276,10.667,7.732,8.245,8.561,7.925,9.199,8.559,7.919,8.249,10.159,8.56,6.639,8.239,9.2,10.479,9.84,9.199,27.319,31.092,14.931,9.287,21.551,13.878,7.287,6.325,6.326,8.24,0.0
